tag,count,example_titles
(but legal),1,witchcraft filling your void
(but not really?),1,garden of eden
(can confirm: chapters 1-6 are just idiots falling in love fluff),1,"I'm Sorry, I Love You"
(chapter 11 - evanora is a terrible mother),1,"I'm Sorry, I Love You"
(justified i promise),1,your smile ignites (just like a candlelight)
(light) bloodplay,1,God Knows You Need It
(light) pet play,1,God Knows You Need It
(not) witches who love to fight,1,That Which is Not Common
(over the two timelines. obviously),1,find yourself in someone (you were there all along)
(quite literally),1,Scratch an itch
(s)witches doing the kissy kissy,1,illicit affairs
(sawry y'all didn't think they could go on a first date without it being mentioned),1,Instantaneously
(she will also bring you pizza),1,feeling kind of freaky (maybe it's the moonlight)
(the first handful of chapters will be fluffy and happy i swear for the sake of world building),1,"I'm Sorry, I Love You"
(there will still be fluffy moments i swear),1,"I'm Sorry, I Love You"
(they scissor),1,"I Will Wait Up for You, Dear"
(those two things are not between agatha and rio),1,High Infidelity
(with nicky still very much alive and adorable),1,"I'm Sorry, I Love You"
) and other reasons i won't see heaven if you squint,1,Serpent's Stone
-ish,1,Strangers On A Train
........ i am not even going to attempt to justify that tag,1,you'll just have to taste me (when she's kissin' you)
16k of agatha talking herself out of sleeping with rio,1,waste the night
1800s era,1,The Promise of Always
1950s,1,Strangers On A Train
1950’s,1,Love me tender
1990s,1,Crystalline Knowledge of You
24k words of agatha crashing out,1,visions of a life
5+1,1,On Call
69,1,lost for words
80s!biker chick agatha cameo,1,"creator, you destroy me"
90s music 4 the win,1,she looks like the real thing (she tastes like the real thing)
?? i think,1,she looks like the real thing (she tastes like the real thing)
a boomer,1,the witchy CEO
a fic i wish was 30k longer,1,how could i ever be so dumb to believe i'd be the one you would adore
a little bloody,1,The Neutral Ground
a little fluff,1,ask me nicely from your knees
a little fluff and worldbuilding,1,Heart Beats Like a Drummer
a little meetcute,1,Meetcute
a lot of horses - freeform,1,the road not taken (among the wildflowers)
a lot of sexual tension,1,But We Can't
a payday is the new olive branch,1,Decemberism
a punch in the face,1,You're Welcome to Try (You Wouldn't Be the First One to Fail)
a real moonmotels classic,1,Late Night with the Devil
a.k.a. andy dwyer does not exist!,1,Checkmate!
aaa fluff week 2026 day 1,1,a kiss with a fist is better than none
aaa fluff week day 7,1,how could i ever be so dumb to believe i'd be the one you would adore
aaa fluff week day 8,1,feeling kind of freaky (maybe it's the moonlight)
aaa week 2025: soulmates,1,"baby, it's fate, not luck"
aaa week 2025: vampires,1,And We'll Be Together (Forever &amp; Ever More)
aaa week day 4: professors,1,just hold on
aaa week day 5,1,A Refusal of Endings
aaa week day 5: rio gets injured,1,A Refusal of Endings
aaa week day 6: soulmates,1,dea pascit corvos
aaa week day 7: breeding,1,and therefore is love said to be a child
aaaweek25,1,I Now Pronounce You....
ab grinding,1,you aren’t mine for the taking
ab riding,1,the winner takes it all
abortion,1,Let Me Tell You What It Feels Like
absolutely no feelings whatsoever...none at all,1,Feel it Burn//Watch it Glow
abusive parents,1,Somebody to Hold
abusive parents (background),1,you made me feel / shiny and new
academic titles used in a flirtatious way,1,summa cum laude
accidental borrowing,1,Vidal Books
accidental mating,1,you're gonna kill me if you kiss it like that
accidental meetings,1,"want, take, have"
accidental proposal,1,I Wanna Be Yours///You're All I Want
accidental sex tape,1,Don't Handle Me with Care
accidental sugar baby rio vidal,1,Sugar and Honey
ace the dog - freeform,1,All In Paradise
actor rio vidal,1,Wrong Number
actors,1,Thirst (Trap)
actress au,1,For Your Consideration
actress!agatha harkness,1,illicit affairs
actual health and safety hazard agatha,1,how many corners do i have to turn? (how many times do i have to learn?)
adhd nicholas scratch,1,"honey, you're familiar"
adhd rio vidal,1,"honey, you're familiar"
adoptive fairy godmother lilia,1,It'll All Work Out
adoptive parents - freeform,1,"Take Me, Baby, Or Leave Me"
adventure,1,It's just wild enough to work
agamemnon mention,1,That's Not My Name
"agatha ""mommy issues"" harkness meets rio ""my parents are dead"" vidal",1,what if it's not meant for me?
agatha all along,1,Thirst (Trap)
agatha all along au,1,The Happiest Season
agatha and billy typical shenanigans,1,For the Love of Spring
agatha and rio are still witches but are not the witchkiller and the death,1,Rules for Co-Parenting With Your Witch of an Ex
agatha and rio meet at a nye party,1,Meetcute
agatha and rio need to get it together,1,Rio’S Toxic Embrace
agatha as somebody with a job idk,1,That's Not My Name
agatha as the president's campaign manager,1,Love &amp; Politics
agatha being angry,1,That's Not My Name
agatha breaks the internet on the daily,1,all roads lead to this
"agatha calls rio ""miss vidal""",1,Crescendo
agatha calls rio spider boy,1,feel the love of her caress (she will be your living end)
agatha can't remember a teenager's name to save her life,1,Flowers in the Water
agatha can't stop using rio's full name,1,she drives me crazy
agatha comes from dry humping,1,I Wanna Be Yours///You're All I Want
agatha comes out of the closet,1,The Space Between Notes
agatha cons people on the internet,1,"I'll keep you safe, you have my word"
agatha does nothing but swear,1,"I'll keep you safe, you have my word"
agatha down bad,1,It's just wild enough to work
agatha expects a kiss with tongue,1,"kiss my petals, weave me through a dream"
agatha finally deals with human emotions,1,For the Love of Spring
agatha flirting via wearing underwear outside,1,it's just in my nature
agatha goes by augustus,1,"I Am No Mother, I Am No Bride"
agatha goes on dates and needs flowers,1,a different way to be
agatha harkness and rio vidal have ms,1,The Best Medicine
agatha harkness and rio vidal raise nicholas scratch,1,Beneath the scars
agatha harkness being a little shit,1,Rawr! Means I Love You in Dinosaur
agatha harkness doing agatha harkness things,1,Rawr! Means I Love You in Dinosaur
agatha harkness gets her groove back against her will,1,care of
agatha harkness has adhd,1,my safeword is safeword
agatha harkness hates rio vidal,1,Rules of the Game
agatha harkness hates the holidays,1,The World Reversed
agatha harkness in heat,1,you know i'll take my heart clean apart if it helps yours beat
agatha harkness is 40,1,you aren’t mine for the taking
agatha harkness is a bitch (but is she),1,That Which is Not Common
agatha harkness is a college professor,1,At the Still Point of the Turning World
agatha harkness is a menace,1,You're Welcome to Try (You Wouldn't Be the First One to Fail)
agatha harkness is a menance,1,one way or another
agatha harkness is a national jeopardy champion,1,"where art thou, why not uponeth me?"
agatha harkness is a sex therapist,1,you aren’t mine for the taking
agatha harkness is a spoiled brat,1,Primadonna
agatha harkness is a vampire,1,And We'll Be Together (Forever &amp; Ever More)
agatha harkness is compelled by rio vidal’s vaguely autistic charm tbh,1,you made me feel / shiny and new
agatha harkness is feral,1,you know i'll take my heart clean apart if it helps yours beat
agatha harkness is hot & bothered,1,"Glitter, Glue, and Signs of Life"
agatha harkness is older than rio vidal,1,The bartender and the nerd.
agatha harkness loves food,1,I follow your perfume
agatha harkness needs a therapist,1,"creator, you destroy me"
agatha harkness needs strapped down,1,"sex, love, unholy truth"
agatha harkness stans unite,1,Harkness Pathology
agatha harkness tease,1,Vidal Books
agatha harkness wears glasses because have you seen kathryn hahn in glasses??,1,Knock Me Out (And Kiss it Better)
agatha harkness's tie,1,I Didn't Ask For This
agatha has a back rune tattoo,1,it's just in my nature
agatha has a bookstore,1,Rio Vidal Does Not Give a Damn
agatha has a brain injury,1,I’ll hear you even when you can’t speak
agatha has a little religious trauma,1,Bush League
agatha has a transatlantic accent because it's sexy okay,1,The Thread Of Fate
agatha has behavioral issues,1,Adagietto
agatha has feelings,1,Just Like a Tattoo
agatha has sex with a man (while thinking about rio),1,"Glitter, Glue, and Signs of Life"
agatha has tattoos,1,The bartender and the nerd.
agatha has that gray streak in her hair from the comics,1,God Knows You Need It
agatha has the temprement of a spicy kitten in this,1,a kiss with a fist is better than none
agatha hates gentrification,1,"Roses are red, orchids are...purple?"
agatha hates rio except no she doesnt,1,when we kiss (i have anger issues)
agatha invents the personal massager,1,"kiss my petals, weave me through a dream"
agatha is 24,1,Chances Taken
agatha is 25,1,Reaching Out For More
agatha is 26,1,Wouldn't You Love to Love Her
agatha is 27/34,1,find yourself in someone (you were there all along)
agatha is 32,1,Number 13
agatha is 37,1,Blossoms and Birds
agatha is 44,1,You're My Burial Ground
agatha is 45,1,The Bad Thing
agatha is 48,1,Let Me Tell You What It Feels Like
agatha is a (reluctant) barista,1,find yourself in someone (you were there all along)
agatha is a 47yo divorcee and late-in-life lesbian,1,Secrets &amp; Suspenders
agatha is a brat,1,garden of eden
agatha is a customer,1,a different way to be
agatha is a doctor,1,Luminous
agatha is a duchess,1,Mandevillas
agatha is a gallery owner/artist,1,The Best Medicine
agatha is a ghost,1,Rio’S Toxic Embrace
agatha is a little shit,1,start me up
agatha is a musician,1,The Space Between Notes
agatha is a popstar,1,rumors fly
agatha is a professor,1,The Oxwood
agatha is a rake,1,"I Am No Mother, I Am No Bride"
agatha is a scientist,1,Ri-0
agatha is a singer,1,Awards Season
agatha is a single mom,1,Exceptions
agatha is a tease,1,Harkness Pathology
agatha is a theater teacher,1,The Teacher Trap
agatha is a wheelchair user,1,Like a Queen in Days of Old
agatha is a witch killer,1,"It's bloody and raw, but I swear it is sweet"
agatha is a write,1,Between the Flames and Her Eyes
agatha is also a runner,1,The Best Medicine
agatha is anne hathaway in valentine's day basically,1,feeling kind of freaky (maybe it's the moonlight)
agatha is curious,1,Flowers in the Water
agatha is gonna be a bitch about it,1,in the event of an emergency
agatha is honestly kind of the worst but she's trying. selectively,1,you made me feel / shiny and new
agatha is in luck,1,Falling for the Enemy
agatha is just a mess,1,the witchy CEO
agatha is just there,1,Meetcute
agatha is left-handed cause why is that so fucking hot,1,velvet ring
agatha is lilia's granddaughter,1,The Girl Next Door
agatha is nicky's adoptive mom,1,"honey, you're familiar"
agatha is not super nice in this,1,"Tempus, Voluntas, Spatium"
agatha is on her mid thirties,1,Dance Dance Riolution
agatha is preggers,1,"where art thou, why not uponeth me?"
agatha is really horrible actually,1,You're Welcome to Try (You Wouldn't Be the First One to Fail)
agatha is sad,1,For Your Consideration
agatha is shy and a little naive and rio immediately starts breaking down her walls,1,astonishment and joy
agatha is so in love,1,Blossoms and Birds
agatha is sooooo emotionally constipated,1,It's just wild enough to work
agatha is spiraling a lot in this one,1,udon know how much I crave you
agatha is violent,1,You're Welcome to Try (You Wouldn't Be the First One to Fail)
agatha isn’t though,1,When the Smoke Clears
agatha just needs rio to believe her,1,Obsessed
agatha just wants to get railed by a hot masc tbh,1,the winner takes it all
agatha kills people,1,Close Your Eyes To See
agatha loves it,1,"If you’re not falling, you’re not trying"
agatha loves to say fuck,1,"Glitter, Glue, and Signs of Life"
agatha married her abuser,1,Growth &amp; Decay
agatha might be the younger one,1,Crescendo
agatha misses being chased by her wife,1,Point Proven
agatha owns a sugar cane farm,1,All The Time In The World
agatha pretends to be a man,1,"I Am No Mother, I Am No Bride"
agatha purrs!,1,"where art thou, why not uponeth me?"
agatha puts her cigarette out on rio,1,what a terrifying work of art
"agatha said ""i don't want to see your face""",1,Point Proven
agatha says 'fuck' a lot,1,into my arms
agatha sings,1,Purple and Green
agatha squirting is canon to me,1,velvet ring
agatha steals hearts,1,"get you where you wanna go, if you know what i mean"
agatha sucks at farming,1,the road not taken (among the wildflowers)
agatha takes rio's virginity,1,"It's bloody and raw, but I swear it is sweet"
agatha takes the saying 'keep your friends close and your enemies closer' a bit too literally,1,the winner takes it all
agatha teaches rio to be a good girl,1,Mirrorball
agatha the con woman,1,She Depends on You
agatha thinks she's in control and rio shows her she very much isn't,1,You Make Loving Fun
agatha turns 39,1,you’ll find me on my tallest tiptoes
agatha uses sex as therapy,1,Late Night with the Devil
agatha uses teasing to ignore her own emotions mhm,1,"where art thou, why not uponeth me?"
agatha v jen verbal sparring,1,I'll Be Your Distraction
agatha will have one or perhaps even two redeeming qualities if you really squint,1,Late Night with the Devil
agatha's 26,1,how many corners do i have to turn? (how many times do i have to learn?)
agatha's 40,1,illicit affairs
agatha's episode two braids make an appearance because holy fuck,1,velvet ring
agatha's got all the letters,1,Mirrorball
agatha's hair is a major plot point,1,velvet ring
agatha's mean and rio has no idea she's into it,1,i wonder which cup you'll drink from (i hope it's mine)
agatha's mind is a prodigious thing,1,Dance Dance Riolution
agatha's nose is so sexy,1,velvet ring
agatha's packing,1,breathe into me and make me real
agatha's wife sucks,1,the road not taken (among the wildflowers)
agathario accidentally invented drag,1,"No Dead Men, No Tales"
agathario babysitter au,1,velvet ring
agathario big bang 2026 (marvel),1,I Sure Know Mating Calls
agathario crumbs,1,I Was Your Starry Eyed Lover and the One That You Saw
agathario down bad representation,1,"Next time you call, I'll be your girl"
agathario endgame,1,The Beach House
agathario flashbacks,1,if we stay swimming here forever we will never be free
agathario fluff week,1,FYC: What if?
agathario go to vegas,1,She Depends on You
agathario in their twenties,1,Don't Handle Me with Care
agathario parents,1,I Still Shut My Eyes
agathario switch truther till i die,1,But We Can't
agathario writers we must band together and write more jen/april fanfic lol,1,Close to You
agathasexual rio vidal,1,put your fangs in me
agatha’s never had an orgasm,1,Talk Me Through It
agatha’s pissed about it,1,when i kissed the teacher
agatha’s “trial” chapter ch8,1,Vidal Books
aged-up billy but because i wanted him to work with them not for nefarious purposes,1,walk-ins welcome
agent vidal outfit!,1,velvet ring
airplane sex,1,Put It On The Line
airports,1,'til storm breaks loose
aka andy and april dont work out..,1,I Was Your Starry Eyed Lover and the One That You Saw
aka it's a vampire fic... there's gonna be blood,1,There's Something Just a Little More Than Ecstasy
alcohol as a coping mechanism,1,Bush League
alcohol use,1,Close Your Eyes To See
alcoholism,1,I Didn't Ask For This
alcoholism if you squint,1,Farewell To The Fairground
alice gulliver is a little shit,1,Blossoms and Birds
alice gulliver is the best wingwoman,1,At the Still Point of the Turning World
alice is a music teacher,1,The Teacher Trap
alice is rio's flatmate,1,velvet ring
alice/jen in the background bc how could i not,1,just hold on
all fics currently locked to avoid ai scraping,1,hopeless (breathless) burning slow
all sorts of sex,1,Mirrorball
all the fun tropes,1,Heavy is the Crown
all the usual wlw activities such as gentle hairbrushing and scissoring in agatha's marital bed,1,astonishment and joy
all-american girls professional baseball league (a league of their own tv 2022),1,Work and (Play Ball)
allopreening,1,dea pascit corvos
allusions to collaring if you squint,1,Shatter Your Illusions
almost kiss,1,she looks like the real thing (she tastes like the real thing)
almost more of a big sister really,1,What a Night
alpha wanda maximoff,1,I Want Your Desire
alpha!rio,1,I follow your perfume
alpha/alpha,1,I Sure Know Mating Calls
also,1,"everybody knows that i'm a good girl, officer"
also adding,1,Shatter Your Illusions
also am playing very fast and loose with grammar,1,A Thing With Feathers
also based on zelda,1,Heavy is the Crown
also brief agatha harkness/carol danvers,1,I Don't Give a Damn (tomorrow I might)
also evanora is evil stepmother to jen and rio,1,Rio Vidal Does Not Give a Damn
also everyone has a familiar,1,"Tempus, Voluntas, Spatium"
also its the 1970s,1,circling around the same star
also kind of a superhero au,1,a kiss with a fist is better than none
also nicky is here,1,I Now Pronounce You....
also nicky is not in this because i will cry,1,Rio Vidal Does Not Give a Damn
alternate universe - 1920s,1,Unlock Thy Hidden Gate
alternate universe - 1940s,1,Work and (Play Ball)
alternate universe - 1980s,1,You're My Burial Ground
alternate universe - 1990s,1,Don't be afraid of me (I'm what you need)
alternate universe - 19th century,1,The Forgeries of Fools
alternate universe - angels,1,"It's bloody and raw, but I swear it is sweet"
alternate universe - arranged marriage,1,War of Hearts
alternate universe - bar/pub,1,The bartender and the nerd.
alternate universe - baseball,1,Work and (Play Ball)
alternate universe - bodyguard,1,The Witches Bodyguard
alternate universe - bookstore,1,Vidal Books
alternate universe - classical music,1,Scherzo
alternate universe - corporate,1,'til storm breaks loose
alternate universe - different first meeting,1,A drunken menace
alternate universe - elementary school,1,"Glitter, Glue, and Signs of Life"
alternate universe - gods & goddesses,1,The Road Twists and Turns
alternate universe - human,1,"honey, you're familiar"
alternate universe - medieval,1,"through fortune and flame, we fall"
alternate universe - mythology,1,Serpent's Stone
alternate universe - nanny,1,"Just between us, did the love affair maim you too"
alternate universe - omegaverse,1,I Sure Know Mating Calls
alternate universe - pioneer,1,astonishment and joy
alternate universe - pirate,1,Got Me On My Knees (Have You Any Mercy?)
alternate universe - pirates,1,"No Dead Men, No Tales"
alternate universe - politics,1,Power Play
alternate universe - pop stars,1,Harkness
alternate universe - prohibition era,1,Unlock Thy Hidden Gate
alternate universe - regency,1,"I Am No Mother, I Am No Bride"
alternate universe - restaurant,1,how many corners do i have to turn? (how many times do i have to learn?)
alternate universe - roller derby,1,Five Seconds
alternate universe - royalty,1,guilty as sin
alternate universe - student/teacher,1,Crescendo
alternate universe - sugar daddy,1,Sugar and Honey
alternate universe - urban fantasy,1,Leaning Out for Love
alternate universe - veterinarians,1,Scratch an itch
alternate universe - victorian,1,"kiss my petals, weave me through a dream"
alternate universe - western,1,astonishment and joy
alternate universe - wings,1,dea pascit corvos
alternate universe - you've got mail fusion,1,it's never quite as it seems (hi—you've got mail)
alternate universe – modern: no powers,1,I follow your perfume
alternative universe - no powers,1,Lost Time
alternative universe to main fic,1,FYC: What if?
american politics,1,Farewell To The Fairground
amnesia,1,An Unexpected Visitor
an agathario romcom,1,"No Light, No Light"
an animal is dangerously sick but survives,1,A Thing With Feathers
anal,1,i let my head spin (take all the weight off my shoulders)
ancient egypt,1,Like a Queen in Days of Old
ancient vampires vs the 2025 recession,1,put your fangs in me
and a stiff drink and a guide to using technology lmao,1,"want, take, have"
and a whole lot of additional(,1,Serpent's Stone
and absolute menace,1,Exceptions
and absolutely feral and exhausted author,1,udon know how much I crave you
and agatha is a little brat,1,Crescendo
and agatha is into it,1,feel the love of her caress (she will be your living end)
and also leaving online reviews,1,it's just in my nature
and annoy agatha,1,Lotus flower
and cameos from a whole bunch of other marvel characters,1,"everybody knows that i'm a good girl, officer"
and i want to take you to a better place,1,there is no death for witches (only transformation)
and it will be their happy ending,1,"No Dead Men, No Tales"
and maybe a spanking,1,"for you, i would cross the line"
and not in a fun sexy way,1,Bush League
and one tent,1,Heavy is the Crown
and other important points in agathario's history,1,there is no death for witches (only transformation)
and rio is down just as bad for agatha,1,Figured You Out
and rio is into it,1,feel the love of her caress (she will be your living end)
and rio too cause i lack a developed frontal lobe,1,illicit affairs
and rio vidal loves his spoiled rich girl,1,Primadonna
and rio's really bad at it,1,"blood in the water, everyone wants her"
and she was in love with you,1,"everybody knows that i'm a good girl, officer"
and shes a farmer,1,the road not taken (among the wildflowers)
and slightly awkard rio,1,your smile ignites (just like a candlelight)
and so maybe i add tags as the story is written? sue me,1,Rio Vidal Does Not Give a Damn
and spoiled asf too okay rio adores being of service to her wife,1,"love, offline"
and then one day agatha bites her,1,put your fangs in me
and turned into a test,1,What a Night
and we're going places,1,there is no death for witches (only transformation)
androgynous rio vidal,1,Somebody to Hold
androgyny,1,Somebody to Hold
andy/april divorce squad but they're still friends obvs,1,Love Is a Four Letter Word
anger,1,Beneath the scars
angry agatha harkness,1,"my love, mine, all mine"
animal adventures,1,'Cause Nobody Knows You Better
animal attack,1,We Don't Fit In The Grand Design
animal care,1,Wanna Take a Chance?
animal death,1,All the Wild Horses
animalistic sex,1,I Sure Know Mating Calls
annoyance to lovers,1,she drives me crazy
annoying each other is their love language,1,alambre púa
anthropologist!agatha,1,Like a Queen in Days of Old
anxiety disorder,1,Blossoms and Birds
anxious avoidant!agatha,1,why don't you want me?
aphasia,1,I’ll hear you even when you can’t speak
aragorn and arwen coded too,1,Heavy is the Crown
archaeology,1,Like a Queen in Days of Old
architect agatha,1,Two Left Feet
are we surprised?,1,garden of eden
armpit licking,1,this time you won’t leave me sinking
arranged baby making au,1,and therefore is love said to be a child
arson,1,dea pascit corvos
art school trauma,1,walk-ins welcome
artist agatha harkness,1,she looks like the real thing (she tastes like the real thing)
as a lesbian i am not invested in billy so he is in here only briefly,1,what if it's not meant for me?
as always,1,Mandevillas
as canon compliant as i can possibly muster,1,The Neutral Ground
asexuality mention,1,The Teacher Trap
aspiring spinster rio,1,"I Am No Mother, I Am No Bride"
assassins & hitmen,1,I'll follow you down til' the sound of my voice will haunt you
assistant rio,1,'til storm breaks loose
astronaut rio,1,Orbiter
at home insemination,1,ask me nicely from your knees
at least to everyone else,1,You're Welcome to Try (You Wouldn't Be the First One to Fail)
attraction,1,Somebody to Hold
aubrey plaza characters,1,The Oxwood
audio erotica voice actress rio,1,Talk Me Through It
author agatha harkness,1,Written in the Stars
author does not promise her characters make the best decisions,1,Grave Mistakes
author has other fics to finish but evgar's teacher au was stronger,1,Secrets &amp; Suspenders
author is being held at baguette point by her beta reader,1,Strangers On A Train
author is being repeatedly beaten over the head by her beta reader with a baguette,1,Don't be afraid of me (I'm what you need)
author is obssessed with using muna songs for fic titles,1,On Call
author is terrible at knowing what cocktails are actually made of,1,she looks like the real thing (she tastes like the real thing)
author rio vidal,1,Wrong Number
authors au because that's soooo sexy,1,what if it's not meant for me?
autistic coded rio vidal,1,A new fangled feeling
autistic nicholas scratch,1,"Hoops, I'm Falling for You"
avoidant avoidant!rio,1,why don't you want me?
award shows,1,Awards Season
baby fever rio,1,ask me nicely from your knees
baby lesbian rio vidal... almost.,1,breathe into me and make me real
back scratching,1,The Oxwood
background character death,1,you made me feel / shiny and new
bad business rio,1,All The Time In The World
bad decisions,1,Into the Mirror
bad guardianship,1,I Didn't Ask For This
badass agatha but softie around rio,1,Don't be afraid of me (I'm what you need)
badass rio vidal,1,The Witches Bodyguard
ballet,1,At the Still Point of the Turning World
bamf rio vidal,1,Love Persevering
band au,1,Heart Beats Like a Drummer
barista au,1,That's Not My Name
barista!rio,1,the witchy CEO
baristas,1,the witchy CEO
barrel racing,1,All the Wild Horses
bartender agatha harkness,1,The bartender and the nerd.
baseball,1,Work and (Play Ball)
baseball knowledge not required,1,Perfect Catch
based on evgar's comic on twitter,1,it's just in my nature
based on i now pronounce you chuck and larry (very very loosely),1,I Now Pronounce You....
based on interstellar,1,Orbiter
based on lived experience,1,The Best Medicine
basketball,1,Catch Me When I Fall for You
basketball coach rio vidal,1,If This Was A Movie
basketball player rio vidal,1,you'll just have to taste me (when she's kissin' you)
basshead rio,1,who's going to tell me no?
bathtub sex,1,"honey, you're familiar"
battles and death bc this is a fantasy au after all,1,Heavy is the Crown
beach sex,1,she looks like the real thing (she tastes like the real thing)
bear with me,1,How It Started
because i just can't stop myself,1,"want, take, have"
because i think about it,1,"so, my mother-in-law is god?"
because imagining kathryn hahn as a runner is so good,1,The Best Medicine
because she keeps seducing all the proper young ladies in the room,1,Love &amp; Politics
bed sex,1,The Oxwood
begrudging co-hosts,1,Don't Handle Me with Care
being exceptional,1,Meetcute
belly bulge,1,I Wanna Be Yours///You're All I Want
belts,1,the case of the robbery gone wrong
ben and leslie's wedding,1,"There's No One Else Who Could, the Only One Is You"
benito vidal is awesome,1,the road not taken (among the wildflowers)
besides as a fellow witch once said,1,there is no death for witches (only transformation)
best friends,1,kaleidoscope
best friends to complicated to lovers,1,Do I Cross Your Mind? ('Cause You've Always Been  On Mine)
best of both worlds,1,"everybody knows that i'm a good girl, officer"
bi4bi couple,1,"There's No One Else Who Could, the Only One Is You"
biblical motifs at its best,1,And We'll Be Together (Forever &amp; Ever More)
big feelings,1,Stuck In Orbit
billy is adopted btw,1,Rio Vidal Does Not Give a Damn
billy is an only child because i might have forgotten about tommy oops,1,The Thread Of Fate
billy is just suffering through his mother's flirting on main,1,all roads lead to this
billy maximoff is a sarcastic bitch,1,Rio’S Toxic Embrace
billy mentions,1,Flowers in the Water
biologist rio vidal,1,you know i'll take my heart clean apart if it helps yours beat
biology teacher rio,1,when i kissed the teacher
biology teacher rio vidal,1,Couples Retreat
biphobic language,1,All the Wild Horses
birth trauma,1,if we stay swimming here forever we will never be free
birthday,1,Somebody to Hold
bisexual agatha harkness,1,How It Started
bisexual april ludgate,1,"There's No One Else Who Could, the Only One Is You"
bisexual disaster april ludgate,1,"Not Over Dramatic, I Know What I Want."
bisexual jennifer barkley,1,"There's No One Else Who Could, the Only One Is You"
bisexual wanda maximoff,1,she looks like the real thing (she tastes like the real thing)
bisexuality,1,Purple and Green
blackmail,1,Wouldn't You Love to Love Her
blasphemy,1,you made me feel / shiny and new
blood and torture,1,The Bells
blood as lube,1,Number 13
blood but not gore,1,God Knows You Need It
blood magic,1,A Kingdom by the Night
blood play if you squint,1,"I Am No Mother, I Am No Bride"
blood/ injury (though not in detail),1,A Thing With Feathers
bloodpotions,1,The Teacher Trap
bloodpotions is mentioned in passing,1,The Teacher Trap
bloodpotions side couple,1,this time you won’t leave me sinking
blowjobs,1,I Wanna Be Yours///You're All I Want
body hair,1,this time you won’t leave me sinking
body paint,1,Nothing Shameful
body worship,1,the winner takes it all
bodyguard,1,The Witches Bodyguard
bodyguard rio vidal,1,The Witches Bodyguard
bonus day,1,The Dare
bookstore owner agatha harkness,1,Red Thread of Fate
bookstore owner rio,1,Vidal Books
bookstores,1,it's never quite as it seems (hi—you've got mail)
boss agatha,1,'til storm breaks loose
both are kind of light but they're there,1,For You To Be Still
both freaks,1,The Birthday Gift
both idiots,1,For Your Consideration
both of them are bad at feelings,1,I swear I’d be in peace if it wasn’t for you
both of those things.... only kinda,1,waste the night
bottom rio truthers rise,1,Close Enough for Love
botw au,1,Heavy is the Crown
boundary setting,1,You're Welcome to Try (You Wouldn't Be the First One to Fail)
brahms (i tag as though it matters),1,That Which is Not Common
brain surgery,1,Meet Me At The End
brat agatha,1,Let Me Tell You What It Feels Like
brat agatha harkness,1,alambre púa
brat rio vidal,1,alambre púa
brat tamer rio vidal,1,Primadonna
brat!rio,1,Blossoms and Birds
brat/brat tamer,1,You're Welcome to Try (You Wouldn't Be the First One to Fail)
brat4brat,1,But We Can't
bratting,1,High Infidelity
bratty agatha harkness,1,you got me looking so crazy right now
bratty bottom rio supremacy,1,she drives me crazy
bratty bottom rio vidal,1,the holiday
breastfeeding,1,Ibiza
breathwork for emotional regulation,1,Shatter Your Illusions
bridge and tunnel agatha harkness au,1,care of
bridgerton au,1,"I Am No Mother, I Am No Bride"
brief depictions of dv,1,Let Me Tell You What It Feels Like
brief mention of abby from happiest season,1,you look so pretty when you're on your knees
brief mention of past child abuse,1,Two Left Feet
brooding,1,Point Proven
brutal murder,1,Rawr! Means I Love You in Dinosaur
bubble machine,1,All In Paradise
built family,1,All In Paradise
but a fun ride,1,You're awful. I love you!
but age appropriate,1,At the Still Point of the Turning World
but also,1,udon know how much I crave you
but also a good girl,1,You're Welcome to Try (You Wouldn't Be the First One to Fail)
but also on purpose,1,"I'll keep you safe, you have my word"
but at least it can give these two idiots an excuse to be together,1,I Now Pronounce You....
but don't worry he gets dunked on,1,Cool About it
but dont tell her that,1,Feel it Burn//Watch it Glow
but dont worry she reincarnates,1,"creator, you destroy me"
but having sex with others is,1,I Don't Give a Damn (tomorrow I might)
but i had a week to write it,1,how could i ever be so dumb to believe i'd be the one you would adore
but i made it anyways,1,but i love you just the same
but i may turn it into a longer multichap in the future,1,Exceptions
but in a fake way... of course,1,waste the night
but in a literal way,1,"everybody knows that i'm a good girl, officer"
but it takes her a while to realize it,1,Unmoored by your Presence
but it was lilia’s bookstore first,1,Rio Vidal Does Not Give a Damn
but it'll smooth itself over as we go,1,there is no death for witches (only transformation)
but it’s hot i swear,1,But We Can't
but like in a rockstar fun way,1,all roads lead to this
but like...... in the water so is it really dry,1,she looks like the real thing (she tastes like the real thing)
but make it gay,1,Underneath the Tree
but modern,1,beneath the stars
but mostly for the purposes of this fic,1,i let my head spin (take all the weight off my shoulders)
but not for too long,1,Emergency Contact
but not thaaaat slow,1,What the Body Knows
but only a little bit - freeform,1,Unmoored by your Presence
but really they both just misunderstand each other,1,Heavy is the Crown
but rio is down bad from day one,1,velvet ring
but she is still the sugar mommy,1,Crescendo
but six months there is better than another minute with them so you'll take your chance,1,A Kingdom by the Night
but the coffee is super good,1,That's Not My Name
but the rest of the world is,1,Like a Queen in Days of Old
but there will be fluff in the end,1,sixth time's a charm
but they don't know it yet,1,The Oxwood
but they get kinda witchy anyway,1,astonishment and joy
but they're all fandoms i like,1,What a Night
but they're both of age,1,Unmoored by your Presence
but they've also had crushes on each other since they were kids,1,Heavy is the Crown
but this is first and foremost a zelda au w hotd and lotr pitstops,1,Heavy is the Crown
but unhealthy coping,1,It’s Bloody and Raw (But I Swear it is Sweet)
but very loosely please do not come at me.,1,"through fortune and flame, we fall"
but which way?,1,Questions
but who is surprised,1,find yourself in someone (you were there all along)
but with vines,1,it's just in my nature
but would you look at that it works out really well for her in the end,1,what if my heart belongs to you?
butch rio,1,Too Sweet
butch/butch,1,this time you won’t leave me sinking
caitlyn is mad about it,1,Heavy is the Crown
california condor conservation au,1,A Thing With Feathers
campaign manager rio,1,God Knows You Need It
camping,1,One Happy Camper
can be read as a 1 shot,1,I Want You on Me With Both Your Hands
can i say im not sure there's much of a plot here,1,to be known well
can't deny this chemistry,1,Exceptions
can't tag for dear life,1,Dance Dance Riolution
cancer research,1,love = poetry + biology
cane fucking(?),1,God Knows You Need It
caning,1,God Knows You Need It
canon compliant to the end of season six,1,like a hurricane
canon lesbian character,1,The Oxwood
canon temporary character death,1,"No Dead Men, No Tales"
canon typical levels of scheming and murder and gay behavior,1,circling around the same star
canonical child abuse,1,dea pascit corvos
canonically ageless and genderless rio vidal,1,Shatter Your Illusions
car accidents,1,A Refusal of Endings
car dealership sex,1,Certified Pre-Owned
car salesman ralph bohner,1,Certified Pre-Owned
car salesman rio,1,Certified Pre-Owned
card counting,1,She Depends on You
caretaking,1,"for you, i would cross the line"
cat cafés,1,what a terrifying work of art
cat hybrid agatha harkness,1,you know i'll take my heart clean apart if it helps yours beat
cat/human hybrids,1,you know i'll take my heart clean apart if it helps yours beat
catch me mourning older butch mentor lilia as if i'm not the one who decided she died before the fic starts,1,A Thing With Feathers
cautious rio,1,"get you where you wanna go, if you know what i mean"
cavity inducing sweetness,1,Mandevillas
celebrity empathy,1,Thirst (Trap)
ceo,1,the witchy CEO
ceo agatha,1,Growth &amp; Decay
ceo rio,1,I'll Be Your Reason
ceo rio vidal,1,"immovable object, unstoppable force"
ceo!agatha,1,the witchy CEO
ceo!evanora harkness,1,I follow your perfume
ceo!rio vidal,1,I follow your perfume
cesarean section,1,Somebody to Hold
chappell ex machina,1,i don’t care that you’re a stoner (fall right into me)
chappell roan is a character in here. hope i did her justice,1,i don’t care that you’re a stoner (fall right into me)
chapter 6 brings all the missing colors to this story,1,udon know how much I crave you
chapter names are song titles,1,it had to be you
character turned into a ghost,1,Chance to Fix
characters playing dance dance revolution,1,Dance Dance Riolution
charlotte's web mention,1,The Girl Next Door
chest biding,1,Got Me On My Knees (Have You Any Mercy?)
chickens,1,All the Wild Horses
child illness,1,"I'm Sorry, I Love You"
child loss mentions,1,"creator, you destroy me"
child nicholas scratch (marvel),1,Let Go
childbirth,1,if we stay swimming here forever we will never be free
childhood friends to idiots to strangers to idiots to lovers,1,feel the love of her caress (she will be your living end)
childhood memories,1,The World Reversed
childhood neglect and parental rejection related to agatha’s sexuality,1,you’ll find me on my tallest tiptoes
children,1,Life As We Know It
choir lesbians,1,"No Light, No Light"
choral conductor!rio,1,That Which is Not Common
christianity,1,God is a woman
christmas vacation,1,Agathario Fake Dating AU
christmas!!!!!!,1,Decemberism
church sex,1,Number 13
cigarettes used evilly,1,what a terrifying work of art
claims of ownership,1,You're Welcome to Try (You Wouldn't Be the First One to Fail)
classism,1,The Promise of Always
climate activist rio,1,Growth &amp; Decay
closet sex,1,Put It On The Line
closeted agatha,1,Love me tender
closeted agatha harkness,1,Let Go
closeted lesbian rio vidal,1,don’t delete the kisses
clothed handjob,1,Put It On The Line
clubbing,1,Somebody to Hold
cnc in chapter 18,1,You're Welcome to Try (You Wouldn't Be the First One to Fail)
co-workers with benefits,1,material substance
cock rings,1,Put It On The Line
collar and leash,1,my safeword is safeword
collared rio vidal,1,Put It On The Line
college agathario,1,Growth &amp; Decay
college au,1,Pushing It Down and Praying
college softball au,1,Bush League
comeplay,1,Put It On The Line
comfort food,1,udon know how much I crave you
coming on tits,1,One Happy Camper
coming out,1,the peculiar patient
comp het agatha harkness,1,Bush League
comp het rio vidal,1,"immovable object, unstoppable force"
complete,1,A Kingdom by the Night
complicated feelings,1,rumors fly
compulsion,1,You're awful. I love you!
conception,1,if we stay swimming here forever we will never be free
concerts,1,i don’t care that you’re a stoner (fall right into me)
concussions,1,Catch Me When I Fall for You
condoms,1,Reaching Out For More
confessions of love,1,you don't need a revelation (you'll be fine with being lost)
confinement,1,You're Welcome to Try (You Wouldn't Be the First One to Fail)
conflict of interest (sleeping with client outside of sessions),1,my safeword is safeword
consent is everything,1,And We'll Be Together (Forever &amp; Ever More)
consent is still important,1,Nothing Shameful
conversion therapy,1,Pushing It Down and Praying
copious amounts of lesbian processing,1,Eight
coroner rio vidal,1,It's Clichéd to be Cynical at Christmas
corrupting an fbi agent,1,"everybody knows that i'm a good girl, officer"
cottagecore lesbians get their happy ending,1,astonishment and joy
courting rituals,1,dea pascit corvos
courtship,1,dea pascit corvos
courtship gifts,1,dea pascit corvos
covens,1,Leaning Out for Love
cowboy agatha harkness,1,"my love, mine, all mine"
cows,1,All the Wild Horses
creme the raccoon,1,All In Paradise
crime in all chapters,1,You're awful. I love you!
cuckolding,1,I Don't Give a Damn (tomorrow I might)
cum swallowing,1,I Wanna Be Yours///You're All I Want
cute underwear,1,Dance Dance Riolution
cuteness all around,1,Behind the Curtain
d/s undertones,1,Don't be afraid of me (I'm what you need)
daddy rio,1,You're Welcome to Try (You Wouldn't Be the First One to Fail)
daddy rio vidal,1,"Looking So Far, Yet You Are So Close"
daddy used as a term of degradation,1,what a terrifying work of art
daddy vidal,1,The Birthday Gift
damn these bitches are gay!,1,Close to You
dance instructor rio,1,Two Left Feet
dance therapy,1,What the Body Knows
dancing,1,Instantaneously
dare i say dom femme agatha?,1,you got me looking so crazy right now
dark romance,1,you got me looking so crazy right now
darkhold,1,"Tempus, Voluntas, Spatium"
data analyst agatha harkness,1,alambre púa
dating,1,Take it from the top (you are a bottom)
dating app,1,Chances Taken
day 3,1,Ice Chips
day 3: pregnancy,1,Ice Chips
day 8 free day,1,Instantaneously
day 8: first meeting,1,A drunken menace
day eight,1,The Dare
day eight: free day,1,That's Not My Name
day one,1,Exceptions
day one: soulmates,1,Just Like a Tattoo
day seven,1,Amor Prohibido
day six: aftercare,1,Pile o Bones
day two,1,Heart Beats Like a Drummer
dead witches,1,The Heart of Death
death doula rio vidal,1,Rules for Co-Parenting With Your Witch of an Ex
death has feelings (and needs a hug kinda),1,"creator, you destroy me"
death is very present,1,astonishment and joy
declarations of love,1,giving my heart over to you
deeply awkward rio with phone anxiety (does not want to be here),1,feeling kind of freaky (maybe it's the moonlight)
definitely character studies,1,The Neutral Ground
demiromantic rio,1,The Teacher Trap
demisexual rio vidal,1,Don't Handle Me with Care
demisexuality mention,1,The Teacher Trap
denial,1,Nothing Shameful
depiction of birth,1,Somewhere Only We Know ~ A Professor AU
deputy chief of police agatha harkness,1,"everybody knows that i'm a good girl, officer"
derogatory language,1,Catch Me When I Fall for You
desecration of the american flag,1,God Knows You Need It
desert island fic,1,Help I’m Alive
detective agatha harkness,1,The art of keeping a secret
detectives,1,I'll follow you down til' the sound of my voice will haunt you
detox,1,I Didn't Ask For This
developing relationship,1,Firewatch
did i just come back from a 3 hour seminar and write this? yes,1,Blossoms and Birds
did i mention agatha's hair,1,velvet ring
did i mention the fluff?,1,All In Paradise
director agatha,1,Over a Bridge and Into Love
disability,1,Like a Queen in Days of Old
disability rep,1,The Best Medicine
discord daddy and kitten dynamic,1,what a terrifying work of art
discrimination,1,The Bells
discussion and preparation for putting out cigarettes on agatha but does not occur,1,You're Welcome to Try (You Wouldn't Be the First One to Fail)
discussion of body imperfections,1,udon know how much I crave you
discussion of murder,1,dea pascit corvos
discussion of nonsexual ageplay,1,You're Welcome to Try (You Wouldn't Be the First One to Fail)
discussion of safeword,1,"I'll keep you safe, you have my word"
discussion of stillbirth,1,hopeless (breathless) burning slow
discussion of watersports,1,You're Welcome to Try (You Wouldn't Be the First One to Fail)
discussions of death,1,When the Smoke Clears
discussions of hospice care and the death processes,1,Rules for Co-Parenting With Your Witch of an Ex
discussions of pregnancy,1,for me she lengthened the night
dismemberment,1,Number 13
disordered eating,1,War of Hearts
dissociation,1,Shatter Your Illusions
divorce,1,you aren’t mine for the taking
divorce au,1,"Take Me, Baby, Or Leave Me"
divorced agathario au,1,11:11
divorcee agatha,1,In The Deep End
do you guys ever think about the fact that rio has siblings?,1,"so, my mother-in-law is god?"
doctor rio,1,Stuck In Orbit
doctor/patient,1,in the event of an emergency
doctoral candidate rio vidal,1,"honey, you're familiar"
"does this count as agatha ""topping from the bottom""?",1,Crescendo
dom femme agatha,1,your kiss got me hoping you'll save me right now
domestic abuse,1,the road not taken (among the wildflowers)
don't ask,1,merry christmas (i think i'll miss this one this year)
don't make me write a sequel to this,1,Exceptions
don't show this to my psychiatrist,1,illicit affairs
don't worry agatha gets divorced immediately after chapter 1,1,"Glitter, Glue, and Signs of Life"
don’t read in public unless you are comfortable crying in public,1,Death's Echo
doorwoman rio vidal,1,"Looking So Far, Yet You Are So Close"
dr. agatha harkness,1,Somewhere Only We Know ~ A Professor AU
dr. calderu,1,The Best Medicine
dr. rio vidal,1,Somewhere Only We Know ~ A Professor AU
drabble,1,Pile o Bones
drag queens,1,cake by the pound
drama club au,1,Behind the Curtain
dramatic bitch agatha,1,Behind the Curtain
dressing room sex,1,Awards Season
drinking,1,Awards Season
drug mention,1,She Depends on You
drug use,1,A Tentative Ellipsis (the parting of your lips and the ache in your eyes)
drugging,1,How It Started
drunk rio vidal,1,"get you where you wanna go, if you know what i mean"
drunk texting,1,On Call
drunken confessions,1,the holiday
drunken kissing,1,My Cries and Your Whispers
drunken shenanigans,1,A drunken menace
drunkenness,1,A drunken menace
dual timelines,1,find yourself in someone (you were there all along)
dubious consent,1,How It Started
dubious consent due to exhibitionism and public sex in chapter 6,1,Put It On The Line
dummies being dummies,1,Just Like a Tattoo
duty vs desire,1,War of Hearts
dysfunctional family,1,Somebody to Hold
dyspraxic agatha harkness,1,A Thing With Feathers
e for later chapters,1,"Tempus, Voluntas, Spatium"
e-sex,1,what a terrifying work of art
early 30s agathario,1,alambre púa
early adopters of internet hook up culture,1,Shatter Your Illusions
eating disorder,1,Growth &amp; Decay
eating disorders,1,Blossoms and Birds
eavesdropping,1,she looks like the real thing (she tastes like the real thing)
eddie is also here,1,Flowers in the Water
edging (i'm the one edging you),1,Wrong Number
editor in chief rio,1,Into the Mirror
ejaculate,1,"sex, love, unholy truth"
emergency medical technicians,1,Somebody to Hold
emotional constipation as always,1,you may not be mine (but i could be yours)
emotional intelligence,1,Stuck In Orbit
emotional pain oh my god yeah,1,When Heartbreak Meets Jealousy
emotional roller coaster,1,into my arms
emotional sex,1,My Cries and Your Whispers
emotionally constipated,1,Do I Cross Your Mind? ('Cause You've Always Been  On Mine)
emotionally constipated agatha,1,I Want You on Me With Both Your Hands
emotionally repressed agatha,1,'til storm breaks loose
emotionally unintelligent agatha harkness,1,Love me tender
emphasis on implied,1,I Don't Give a Damn (tomorrow I might)
endlessly amused rio vidal,1,"love, offline"
enemies in love lol,1,Falling for the Enemy
enemies to lover but it's actually just agatha being agatha,1,Lotus flower
enemies to loves but like...lowkey,1,But We Can't
enemies with benefits to lovers,1,Farewell To The Fairground
english literature,1,At the Still Point of the Turning World
english professor agatha,1,Stuck In Orbit
english professor agatha harkness,1,The Bad Thing
english teacher agatha,1,when i kissed the teacher
english teacher agatha harkness,1,Couples Retreat
environmental science major rio vidal,1,let loose your longing
environmentalism,1,Is It Casual Now?
epilogue tags will be in author's note,1,I Sure Know Mating Calls
episode: s01e01 seekest thou the road (agatha all along),1,hopeless (breathless) burning slow
episode: s01e08 follow me my friend/to glory at the end (agatha all along),1,For the Love of Spring
equally down bad agatha harkness,1,Feel it Burn//Watch it Glow
escort rio,1,Rented Hearts
established relationship with a twist?,1,Love Is a Four Letter Word
eternity au,1,it made me think of you
etsy witch agatha harkness,1,Nothing Shameful
evanora and ralph make short appearances,1,Crescendo
evanora being horrible for a bit,1,Behind the Curtain
evanora can fuck herself,1,"If I Can’t Reach You, Let My Song Teach You"
evanora harkness’ grade a parenting,1,I follow your perfume
evanora is a c u n t,1,Mandevillas
evanora is a pos,1,Got Me On My Knees (Have You Any Mercy?)
evanora is a punk ass bitch obviously,1,Scratch Paternity (Put A Baby In Me)
evanora is evil in every timeline,1,The Promise of Always
evanora wins worst mother of the year award for the thousandth time,1,you don't need a revelation (you'll be fine with being lost)
eve lowkey a power bottom idgaf,1,bitches i don't trust them (but they give me what i want for the night)
even more public crashouts,1,in the event of an emergency
even smaller town than westview au,1,"my love, mine, all mine"
eventual he/him pronouns for rio,1,The Oxwood
eventual sex,1,In The Shadows of the Pines
everybodies here/potentially will be if i keep going?,1,Love Is a Four Letter Word
everyone has abandonment issues fyi,1,you may not be mine (but i could be yours)
everyone is a lesbian because i said so,1,summa cum laude
everyone is alive,1,walk-ins welcome
everyone is gay basically,1,If This Was A Movie
everyone pray for rio she has her hands full here,1,"for you, i would cross the line"
everyone will get a hug,1,it had to be you
everything is consensual,1,Number 13
evil agatha harkness,1,"Tempus, Voluntas, Spatium"
ex wives to enemies with benefits to co-plaintiffs in a class action lawsuit to lovers,1,family line
ex-wives to lovers,1,a decade between us
except for their ever shifting power dynamic,1,Help I’m Alive
except they're not witches here but u get the point,1,illicit affairs
exes to moms to lovers,1,All the Wild Horses
explicit language,1,Firewatch
extended metaphors about wild animals and meat,1,you made me feel / shiny and new
extremely rio centric,1,illicit affairs
eyes to yourself rio,1,That Which is Not Common
face riding,1,my safeword is safeword
failed iud,1,I Wanna Be Yours///You're All I Want
fake relationship,1,Awards Season
fake relationship (for like 2 minutes),1,The Oxwood
fame,1,Thirst (Trap)
family dynamics,1,I Still Shut My Eyes
family reunions,1,Love Persevering
family secrets,1,The World Reversed
famous agatha,1,In The Shadows of the Pines
fantasizing,1,If This Was A Movie
fantasy,1,War of Hearts
fantasy politics,1,War of Hearts
fashionista agatha harkness,1,"honey, you're familiar"
fast burn,1,Somebody to Hold
fate,1,Crystalline Knowledge of You
fate & destiny,1,"get you where you wanna go, if you know what i mean"
fbi agent agatha harkness,1,Mrs &amp; Mrs Harkness-Vidal
fbi agent/serial killer,1,"oh, but she burns"
feelings,1,Roommates of Destruction
female alphas have both sets of reproductive systems,1,I Sure Know Mating Calls
femslash,1,"Take Me, Baby, Or Leave Me"
fic was not written using ai but that doesn't mean agatha can't try her luck okay,1,Secrets &amp; Suspenders
field hockey,1,But We Can't
finally brave enough to use closer to fine lyrics as a fic title,1,i looked to the children (i drank from the fountains)
firefighter rio,1,Between the Flames and Her Eyes
firefighters,1,When the Smoke Clears
first date,1,Instantaneously
first daughter falls harder,1,guilty as sin
first loves,1,All the Wild Horses
first we laughed... then we serioused.,1,what a terrifying work of art
fisher!rio,1,Flowers in the Water
fix-it,1,my boy builds coffins
flavors of ‘bottoms’ on the back of the tongue for those with eyes to see,1,the way i feel about you baby can’t explain it
fleetwood mac au,1,A Tentative Ellipsis (the parting of your lips and the ache in your eyes)
flirt agatha harkness,1,Feel it Burn//Watch it Glow
flirting by writing your crush's name wrong on a cup,1,That's Not My Name
flirting via banter,1,what a terrifying work of art
flirty agatha,1,The Teacher Trap
flirty agatha harkness,1,The Witches Bodyguard
florist rio,1,walk-ins welcome
florist!rio,1,Beauty and the Botanist
flower shop,1,Beauty and the Botanist
flowershop au,1,a different way to be
fluffy as hell,1,Blossoms and Birds
fluid play,1,"sex, love, unholy truth"
food issues,1,War of Hearts
for a little bit at least,1,Rio’S Toxic Embrace
for like half a second okay,1,Rio Vidal Does Not Give a Damn
for now,1,All Bases Loaded
for now at least,1,"The gold and the rust, the color erupts"
for one chapter only,1,Leaning Out for Love
for reasons,1,the case of the robbery gone wrong
for sex under the influence of substances and magic,1,Rules for Co-Parenting With Your Witch of an Ex
forbidden au,1,Amor Prohibido
forced heats,1,I Want Your Desire
forced mating bites,1,I Want Your Desire
forced orgasm,1,I Sure Know Mating Calls
forced submission,1,"baby, what’s mine is now yours"
foreplay,1,You're awful. I love you!
foreshortened date,1,Chances Taken
forged family,1,Rawr! Means I Love You in Dinosaur
former soldier rio,1,The Witches Bodyguard
foster care,1,At the Still Point of the Turning World
found coven,1,if we stay swimming here forever we will never be free
fpreg,1,All the Wild Horses
free agents au,1,Within Reach
freeform,1,"Not Over Dramatic, I Know What I Want."
frenemies agatha harkness & jennifer kale,1,Chances Taken
freshman agatha,1,Mirrorball
friends to enemies,1,night shift
friends to idiots to lovers,1,If This Was A Movie
from sex to love,1,she looks like the real thing (she tastes like the real thing)
frottage,1,Put It On The Line
frotting,1,cake by the pound
frotting | rubbing penises together,1,I Sure Know Mating Calls
fuck ai,1,The Witches Bodyguard
fuck it new chap 2025,1,velvet ring
fucking on da air,1,Don't Handle Me with Care
full blown sugar mommy on chapter 2 though,1,illicit affairs
funeral,1,Number 13
fur trapper rio vidal,1,When the Wolfbane Blooms
futuristic,1,Ri-0
fwb if they're only friends by circumstance and they're also kinda roommates,1,i wonder which cup you'll drink from (i hope it's mine)
fyc au,1,FYC: What if?
g!p agatha,1,Do I Cross Your Mind? ('Cause You've Always Been  On Mine)
g!p agatha harkness,1,"kiss my petals, weave me through a dream"
g!p rio,1,when i kissed the teacher
gagging,1,my safeword is safeword
gambling,1,She Depends on You
game show,1,"Turn Them In, Turn Them In Now! (You're A Traitor!)"
gang's all here and they're all teachers,1,"Tempus, Voluntas, Spatium"
gangsters,1,Unlock Thy Hidden Gate
garbage collection,1,I'll Be Your Garbage Man
gay ass witches,1,Behind the Curtain
gay bar,1,The Oxwood
gays eat up,1,"my love, mine, all mine"
gender affirming strap,1,"I Am No Mother, I Am No Bride"
gender confident rio takes agatha to bed,1,Shatter Your Illusions
gender fuckery a little,1,she looks like the real thing (she tastes like the real thing)
gender issues,1,All the Things We Could Do
genderfluid character,1,The Oxwood
genderfuck agatha harkness,1,Put It On The Line
genderfuckery,1,"I Am No Mother, I Am No Bride"
genderqueer rio vidal,1,the case of the robbery gone wrong
gendersoup,1,"No Dead Men, No Tales"
genital piercing,1,this time you won’t leave me sinking
genre specific violence and blood,1,There's Something Just a Little More Than Ecstasy
geologist!rio,1,Like a Queen in Days of Old
getting back together,1,Broken Deal
giant nerd agatha harkness,1,I follow your perfume
girl kisser rio vidal,1,Pushing It Down and Praying
girl moms,1,Stuck In Orbit
girl moms agathario,1,11:11
girl penis rio vidal,1,One Happy Camper
girlboss,1,it's never quite as it seems (hi—you've got mail)
girlfailure agatha harkness,1,High Infidelity
give her time she'll get there,1,udon know how much I crave you
gleefully sacrilegious use of marvel comic book lore,1,Eight
glory hole,1,cake by the pound
god complex,1,Don't be afraid of me (I'm what you need)
god forbid a woman has hobbies,1,circling around the same star
going home for the holidays,1,The Happiest Season
going out with a bang hehe,1,The Dare
good agatha harkness,1,A drunken menace
good boy rio truther oops,1,"Bound By Oath, Undone by You"
good for her,1,the winner takes it all
good friend wanda maximoff,1,Don't be afraid of me (I'm what you need)
good girl rio vidal,1,One Happy Camper
got called darling by a woman twice my age and now we're here,1,illicit affairs
government employee rio vidal,1,you made me feel / shiny and new
gp,1,The Witch and The Wolf
grad student agatha harkness,1,When the Smoke Clears
gradually unhinged rio,1,You're awful. I love you!
graphic depiction of injuries,1,When the Smoke Clears
graphic drug use,1,I Didn't Ask For This
greece,1,she looks like the real thing (she tastes like the real thing)
greek romance,1,"unsatisfied, i skip my pride"
greeks obssesion with abba,1,"unsatisfied, i skip my pride"
grumpy/sunshine relationships,1,Rescued
guest lecturer agatha harkness,1,let loose your longing
gun sucking,1,You're My Burial Ground
guys i had to,1,Love Is a Four Letter Word
guys they're just such good friends,1,i let my head spin (take all the weight off my shoulders)
gym au!,1,Knock Me Out (And Kiss it Better)
haha... come.,1,"where art thou, why not uponeth me?"
hair pulling,1,velvet ring
hair washing,1,hopeless (breathless) burning slow
hand feeding,1,my safeword is safeword
hand-feeding,1,who's going to tell me no?
handfasting,1,Leaning Out for Love
handfasting and an immediate jump-cut to a white picket fence,1,"love, offline"
handjob,1,The Dare
handywoman rio vidal,1,"my love, mine, all mine"
happens to the best of us,1,don’t delete the kisses
happiest of endings yay,1,11:11
happiest season au,1,The Happiest Season
happy belated 4/20 motherfuckers,1,i don’t care that you’re a stoner (fall right into me)
happy ending but it will be a bumpy ride,1,Love me tender
happy ending guys i promise,1,you may not be mine (but i could be yours)
happy ending i promise,1,i let my head spin (take all the weight off my shoulders)
happy sad endings are the best,1,there is no death for witches (only transformation)
hate sex is so fucking hot so have like 5k words of it,1,illicit affairs
haunted pasts,1,War of Hearts
he does not die,1,Somewhere Only We Know ~ A Professor AU
he is barely ever mentioned again,1,Figured You Out
he's an ass,1,How It Started
he/him pronouns for rio vidal,1,Got Me On My Knees (Have You Any Mercy?)
healthy communication,1,udon know how much I crave you
heartbreaker agatha,1,"get you where you wanna go, if you know what i mean"
heats and ruts,1,Reaching Out For More
heavily inspired by free agents - can you tell?,1,The art of keeping a secret
heavy emotions,1,"Take Me, Baby, Or Leave Me"
heavy implication of childhood abuse in ch8,1,Vidal Books
heavy petting,1,Exceptions
heavy worldbuilding,1,War of Hearts
hela is a stripper,1,I Wanna Be Yours///You're All I Want
helgship au,1,Stay Small
helverse,1,Stay Small
hidden identity,1,The Forgeries of Fools
high heels,1,cake by the pound
high school au,1,Behind the Curtain
high school bully,1,"I'll keep you safe, you have my word"
high school exes,1,Well I Wonder
high sex,1,i don’t care that you’re a stoner (fall right into me)
hijinx,1,all half things
hipaa hates to see me coming i fear,1,"where art thou, why not uponeth me?"
holiday romance,1,The Happiest Season
holidays,1,The World Reversed
hollywood au,1,beneath the stars
home birth,1,I'll Be Your Reason
homeless grifter agatha harkness,1,you made me feel / shiny and new
homoerotic book club attendance,1,find yourself in someone (you were there all along)
homoerotic friendship,1,poison &amp; wine
homoerotic hair brushing,1,"I Am No Mother, I Am No Bride"
homophobic language,1,All the Wild Horses
honey farm,1,I'll Be Your Reason
honeymoon,1,All the Things We Could Do
horny menace agatha,1,One Happy Camper
horse,1,The Forgeries of Fools
horse riding,1,the road not taken (among the wildflowers)
horseriding injury,1,All the Wild Horses
horses,1,All the Wild Horses
hospital sex,1,"Can't Be a Good Girl, Even If I Tried"
hotels,1,'til storm breaks loose
hotmess!agatha,1,why don't you want me?
hotshot lawyer agatha harkness,1,let loose your longing
how many times can agatha spiral?? read and find out,1,you may not be mine (but i could be yours)
how to: piss your pr manager off in 24 hours,1,Into the Mirror
huevona para taggear,1,Dance Dance Riolution
human turned vampire agatha harkness,1,Crimson
humping,1,"where art thou, why not uponeth me?"
hurt agatha harkness,1,hopeless (breathless) burning slow
hurt rio vidal,1,A Refusal of Endings
i actually got a beta reader for the last 2 chapters and she's my girlfriend,1,illicit affairs
i am pure of heart so actually every comma dash and semi colon are deployed correctly,1,A Thing With Feathers
i assure you that though agatha starts out married to ralph,1,Figured You Out
i cannot believe i get to christen the jen/april tag!!,1,Checkmate!
i cannot stress enough what a dork rio is,1,"I'll keep you safe, you have my word"
i decided to lean into it,1,i don’t care that you’re a stoner (fall right into me)
i didn't know i was preganant,1,Second Chances
i didn't use ai to write this fic but i did use drugs,1,"honey, you're familiar"
i don't even know,1,night shift
i don't know anything about bands,1,but i love you just the same
i don't know how to tag,1,Lost Time
i don’t know how to tag,1,my boy builds coffins
i feel like i literally birthed it,1,i looked to the children (i drank from the fountains)
i fucking love this ship idea actually,1,bitches i don't trust them (but they give me what i want for the night)
i guess???,1,Number 13
i have never claimed to be a doctor or a lawyer so do not come for me,1,family line
i just need agatha to figure her shit out first,1,"The gold and the rust, the color erupts"
i know nothing,1,We Found Each Other in the Dark
i know nothing about cooking,1,Ban All The Music
i love them your honor,1,That's Not My Name
i make a joke about the pope dying. it will happen again probably,1,i don’t care that you’re a stoner (fall right into me)
i never said i was good at this,1,It'll All Work Out
i poured 17 gallons of pure serotonin into this,1,"love, offline"
i saw someone say rio has foot in mouth syndrome and that is true here,1,merry christmas (i think i'll miss this one this year)
i scream and kick uselessly as they drag me into a padded room,1,illicit affairs
i suck at tagging,1,beneath the stars
i swear no one drowned while agatha was in that lifeguard chair,1,start me up
i think i accidentally made rio more pathetic than intended,1,"so what if i call and you pick up the phone? (merry christmas, i miss you)"
i think???,1,Number 13
i watched too much grey's anatomy,1,"The gold and the rust, the color erupts"
i wont stir you wrong,1,there is no death for witches (only transformation)
i wrote this in a maniac episode (and it shows),1,summa cum laude
i wrote this while listening to muna's music,1,A Tentative Ellipsis (the parting of your lips and the ache in your eyes)
i'm bad at summaries,1,I Was Your Starry Eyed Lover and the One That You Saw
i'm going to hell but you'll all be there with me so it's fine,1,Certified Pre-Owned
identity issues,1,My Cries and Your Whispers
idgaf anymore they’re horny for each other that’s kinda it,1,bitches i don't trust them (but they give me what i want for the night)
idiot rio vidal,1,Cool About it
idiots to lovers too,1,The Girl Next Door
idk what else to put as a tag so i hope this will be enough,1,Got Me On My Knees (Have You Any Mercy?)
idk what else to tag its just an emo christmas story about exes meeting,1,"so what if i call and you pick up the phone? (merry christmas, i miss you)"
if any lesbians die at least they will haunt everybody's ass,1,"No Dead Men, No Tales"
if i could tag miscommunication twice i would,1,i let my head spin (take all the weight off my shoulders)
if the devil wears prada was gayer,1,you’ll find me on my tallest tiptoes
if they'd shared more than one scene and more than only incidentally,1,like a hurricane
if you know me no you dont,1,I Wanna Be Yours///You're All I Want
if you squint - freeform,1,Unmoored by your Presence
ig that's what we're doing now,1,i let my head spin (take all the weight off my shoulders)
illnesses,1,The Beach House
im with you,1,there is no death for witches (only transformation)
impaired consent,1,I Didn't Ask For This
implied rio vidal/natasha romanoff,1,I Don't Give a Damn (tomorrow I might)
implied sexual content,1,Agathario Fake Dating AU
implied suicide ideation,1,For Your Consideration
implied/referenced abortion,1,I'll Bring Out The Worst In You... Promise
implied/referenced alcohol abuse/alcoholism,1,"Take Me, Baby, Or Leave Me"
implied/referenced attempted babytrapping,1,I Sure Know Mating Calls
implied/referenced attempted forced mating,1,I Sure Know Mating Calls
implied/referenced drugging (rut inducers),1,I Sure Know Mating Calls
implied/referenced homicide,1,Catch Me When I Fall for You
implied/referenced school shooting (aftermath),1,if we stay swimming here forever we will never be free
implied/referenced self-harm,1,War of Hearts
implied/referenced sex work,1,Catch Me When I Fall for You
implied/referenced suicide attempts,1,"Take Me, Baby, Or Leave Me"
improper use of a cane,1,God Knows You Need It
improper use of a gun,1,You're My Burial Ground
improper use of a sock,1,Put It On The Line
improper use of a vape,1,breathe into me and make me real
improper use of chatgpt on agatha's part,1,Secrets &amp; Suspenders
improper use of doorstop,1,Put It On The Line
improper use of oscar,1,For Your Consideration
improper use of plushies,1,Dance Dance Riolution
improper use of sharpies,1,Dance Dance Riolution
improper use of speculums,1,"where art thou, why not uponeth me?"
improper use of stake,1,The Birthday Gift
improper use of the american flag,1,God Knows You Need It
in love with pop sensation agatha harkness,1,Heart Beats Like a Drummer
in this house no one gets to escape their feelings,1,That Which is Not Common
in which agatha is down bad for rio,1,Figured You Out
inappropriate use of an art piece,1,one way or another
induced heat,1,I Want Your Desire
indulgent foolishness,1,The Forgeries of Fools
inexperienced rio,1,Loud and Clear
inexperienced rio vidal,1,"kiss my petals, weave me through a dream"
influencer rio vidal,1,Women Like You / Women Like Me
initial carving,1,Number 13
injury,1,I'll Give What I Get
innuendos abound,1,Knock Me Out (And Kiss it Better)
insecurity,1,Obsessed
insomniac rio vidal,1,War of Hearts
inspired by a chappell roan song,1,kaleidoscope
inspired by daisy jones & the six,1,A Tentative Ellipsis (the parting of your lips and the ache in your eyes)
inspired by evgar_ on twitter,1,Too Sweet
inspired by firewatch (video game),1,Firewatch
inspired by grey's anatomy,1,bitches i don't trust them (but they give me what i want for the night)
inspired by hades and persephone (ancient greek religion & lore),1,A Kingdom by the Night
inspired by hadestown,1,A Kingdom by the Night
inspired by hallmark christmas movies,1,Naughty &amp; Nice
inspired by jennifer's body (2009),1,Agatha's Body
inspired by red white & royal blue - casey mcquiston,1,guilty as sin
inspired by serendipity (movie 2001),1,"get you where you wanna go, if you know what i mean"
inspired by stardew valley,1,Lotus flower
inspired by the holiday (2006),1,the holiday
inspired by the proposal (2009),1,you don't know what you've got
inspired by the vampire diaries,1,blade of grass
inspired by when harry met sally (1989),1,it had to be you
inspired by wild child (2008),1,Primadonna
inspired by: glass onion,1,"unsatisfied, i skip my pride"
insurance benefits,1,I Now Pronounce You....
intellectual antagonism,1,Put It On The Line
intellectual banter,1,"through fortune and flame, we fall"
interfering friends,1,Chances Taken
intern rio vidal,1,Wicked Witchcraft
internalized lesbiphobia,1,A Tentative Ellipsis (the parting of your lips and the ache in your eyes)
intersex!rio vidal,1,I follow your perfume
intimacy,1,Restraint
intimate touching,1,udon know how much I crave you
intricate worldbuilding and callous handwaving in equal measure,1,and therefore is love said to be a child
irs agent rio vidal,1,someday we will all be lying on our backs (free at last from income tax)
is it voyeurism if it's your soulmate?,1,Nightmare of a Dream Girl
is that something,1,and therefore is love said to be a child
it all works out in the end,1,The Forgeries of Fools
it gets messy,1,But We Can't
it has to hurt before it gets better,1,you aren’t mine for the taking
it makes sense,1,waste the night
it takes a village and agatha keeps trying to burn hers down,1,walk-ins welcome
it's a crime that they didn't have more (you agree),1,like a hurricane
it's cringe but agatha definitely finds it hot because she's a freak,1,"baby, what’s mine is now yours"
it's like if taylor swift's ivy was an agathario au,1,astonishment and joy
it's the 1850s by the way,1,astonishment and joy
it's the beginning of the 20th century,1,And We'll Be Together (Forever &amp; Ever More)
it's up to you really,1,I Don't Give a Damn (tomorrow I might)
its a literal pussy eating competition,1,"blood in the water, everyone wants her"
its bridgerton but agathario,1,"I Am No Mother, I Am No Bride"
its honestly embarassing,1,The Heart of Death
its in the tags now guys pls stop yelling at me when they're acting avoidant,1,why don't you want me?
its just a magazine article,1,Over a Bridge and Into Love
it’s evil gay witch sex it’s going to be a little weird,1,The Neutral Ground
it’s girthy too,1,Too Sweet
it’s giving get along shirt,1,That Which is Not Common
it’s giving tar,1,Scherzo
it’s seriously bad,1,When the Smoke Clears
it’s what they deserve,1,The Neutral Ground
iykyk,1,Over a Bridge and Into Love
i’ll add more tags,1,What the Body Knows
i’m here to give the gays everything they want,1,Heavy is the Crown
jaded agatha harkness,1,Close Your Eyes To See
jane the virgin au kinda,1,Scratch Paternity (Put A Baby In Me)
jen and agatha as frenemies,1,Behind the Curtain
jen and agatha bicker like siblings,1,If This Was A Movie
jen and alice as cute gfs,1,Behind the Curtain
jen and april absolutely would have been obsessed with each other,1,like a hurricane
jen is an english teacher,1,The Teacher Trap
jen's heart is black and only beats for april frrrrr,1,Close to You
jennifer barkley is the aunt of lily lebowski and agatha harkness,1,What a Night
jennifer kale - freeform,1,Beneath the scars
jennifer kale is a good friend,1,The Best Medicine
jilted lovers,1,Decemberism
jock straps,1,this time you won’t leave me sinking
journalist x tech ceo,1,The Times
journalist!rio,1,Do I Cross Your Mind? ('Cause You've Always Been  On Mine)
junior rio,1,Mirrorball
just a little bit as a treat yknow,1,i let my head spin (take all the weight off my shoulders)
just a little bit!!,1,The Scientific Method of Falling Apart
just fucking kiss already,1,The Scientific Method of Falling Apart
just not agatha’s,1,let loose your longing
just weed tho 🤙,1,I'll Be Your Garbage Man
just wholesome romcom vibes yay we have suffered enough,1,it's never quite as it seems (hi—you've got mail)
just with much needed additional detail...,1,"creator, you destroy me"
just..pain,1,When Heartbreak Meets Jealousy
kate bishop’s excellent driving skills,1,I follow your perfume
kate deserves a bonus,1,I follow your perfume
kathryn hahn's glasses make an appearance thank you,1,your smile ignites (just like a candlelight)
katie mcgrath mention,1,"where art thou, why not uponeth me?"
kayla from missouri eat your heart out,1,"love, offline"
killing eve-style au,1,"oh, but she burns"
kind of a horny cinderella story if you squint,1,and therefore is love said to be a child
kind of mild,1,"I Will Wait Up for You, Dear"
kind of neurodivergent coded rio,1,a different way to be
kinda camp,1,You're My Burial Ground
kinda lmao,1,what if my heart belongs to you?
kiss mark on penis,1,I Wanna Be Yours///You're All I Want
kissy kissy witches,1,juxtaposition in fate
knife fucking,1,Got Me On My Knees (Have You Any Mercy?)
knife sucking,1,Got Me On My Knees (Have You Any Mercy?)
knifefucking,1,Number 13
knight au,1,Heavy is the Crown
knight rio vidal,1,"through fortune and flame, we fall"
knight!vi,1,Heavy is the Crown
knot milking,1,I Sure Know Mating Calls
knotting dildos,1,All the Things We Could Do
lab au,1,The Scientific Method of Falling Apart
labor and delivery,1,Somewhere Only We Know ~ A Professor AU
lady death - freeform,1,War of Hearts
lady in waiting agatha harkness,1,"through fortune and flame, we fall"
language of flowers,1,On Call
lap sex,1,Put It On The Line
lap sitting,1,One Happy Camper
large cock,1,I Wanna Be Yours///You're All I Want
lasagne as the solution to everything,1,"I'll keep you safe, you have my word"
last people to realize they're in love is themselves,1,The Easiest Part Has Always Been You
latex gloves,1,"where art thou, why not uponeth me?"
latina rio vidal supremacy,1,Underneath the Tree
law school,1,Is It Casual Now?
lawsuit,1,Growth &amp; Decay
lawyer agatha,1,Love is a Witch
lawyer rio,1,Love is a Witch
lawyers,1,when we kiss (i have anger issues)
lead singer agatha harkness,1,You Make Loving Fun
learning manners,1,You're Welcome to Try (You Wouldn't Be the First One to Fail)
lecturer agatha harkness,1,Questions
lenny busker and rio vidal are twins,1,What a Night
lesbian agatha harkness!,1,velvet ring
lesbian drama 101,1,When Heartbreak Meets Jealousy
lesbian natasha romanov (marvel),1,If This Was A Movie
lesbian wanda maximoff,1,If This Was A Movie
lesbianism can be very dangerous,1,a kiss with a fist is better than none
lesbians need to communicate better,1,Rio’S Toxic Embrace
less a meet-cute more a meet-weird,1,let loose your longing
let me have this bc i couldn’t figure out a better way to fit the story,1,Rio Vidal Does Not Give a Damn
lgbtq,1,The Best Medicine
librarian agatha harkness,1,Chances Taken
librarians,1,Chances Taken
lies and deception,1,Just Like a Tattoo
life's a greek tragedy after all,1,I Don't Give a Damn (tomorrow I might)
lifeguard agatha harkness,1,start me up
light bloodplay,1,There's Something Just a Little More Than Ecstasy
light breath play,1,cake by the pound
light degradation,1,Well I Wonder
light description of violence,1,Got Me On My Knees (Have You Any Mercy?)
light fisting,1,breathe into me and make me real
light sadism,1,the case of the robbery gone wrong
light snowboarding injury,1,One Happy Camper
light violence in chapter 7,1,Wicked Witchcraft
lightly inspired by anne bonny & mary read,1,"No Dead Men, No Tales"
lightly inspired by the bear,1,how many corners do i have to turn? (how many times do i have to learn?)
like 83k long,1,Flowers in the Water
like a twisted pick your own adventure,1,I Don't Give a Damn (tomorrow I might)
like a vibrator ring type hot,1,But We Can't
like it’s super sad,1,It’s Bloody and Raw (But I Swear it is Sweet)
like not sex but a little sex,1,FYC: What if?
like the gayest fluff,1,you aren’t mine for the taking
like this shouldnt be legal lol,1,"Just between us, did the love affair maim you too"
lil bit of praise,1,Well I Wonder
lil bit of rio gender fuckery if you squint,1,velvet ring
lilia adopts agatha,1,Harkness
lilia as a drama teacher,1,Behind the Curtain
lilia calderu is agatha harkness mom,1,Primadonna
lilia calderu the italian grandmother that you are,1,merry christmas (i think i'll miss this one this year)
lilia ex machina strikes again,1,"baby, it's fate, not luck"
lilia is a doctor in this one,1,The Best Medicine
lilia is a nonna,1,The Girl Next Door
lilia is rios' mom,1,Mirrorball
lilia plays matchmaker,1,Exceptions
lilia teaches history,1,The Teacher Trap
lily lebowski and agatha harkness are cousins,1,What a Night
limo sex,1,I Wanna Be Yours///You're All I Want
lingerie,1,my safeword is safeword
lingering feelings,1,"Take Me, Baby, Or Leave Me"
listen rio’s insanely horny for agatha okay,1,let loose your longing
listen st vincent got me horny and i decided to make it everyone's problem,1,one way or another
listen this is some cute shit okay and im just bad at tags,1,Decemberism
literally just can't let this story go,1,Love is a Witch
little bit of a loser rio vidal,1,Well I Wonder
locker room,1,Softball's A Witch
lol i forgot to tag the actual lesbian sex,1,Shatter Your Illusions
loneliness,1,Point Proven
long work,1,Flowers in the Water
long-distance relationship,1,Wrong Number
longest first date in history these dykes,1,Instantaneously
longing,1,The Time It Takes To Let Go
look don’t psychoanalyse me just enjoy the fic,1,you made me feel / shiny and new
loosely based on delilah green doesn’t care,1,Rio Vidal Does Not Give a Damn
loosely based on hacks if you squint,1,Late Night with the Devil
loser butch rio vidal,1,what a terrifying work of art
loser rio,1,Beauty and the Botanist
loser!rio,1,why don't you want me?
loser/lover boy rio,1,I'll Be Your Garbage Man
loss of mother,1,Primadonna
loss of parent(s),1,"Take Me, Baby, Or Leave Me"
lost access to old account so here’s the remainder of the fic,1,Rented Hearts (Keep Beating)
lots and lots and lots of edging,1,Talk Me Through It
lots of biting,1,put your fangs in me
lots of flirting,1,The Scientific Method of Falling Apart
lots of fruit metaphoras because we're fruity,1,The Strawberry Thief
lots of strap,1,velvet ring
lots of unserious banter,1,Crimson
lovable nuisance agatha harkness,1,Let me wrap my teeth around the world
love potion/spell,1,Bewitched
love/hate,1,When Heartbreak Meets Jealousy
loveless marriage,1,Certified Pre-Owned
lovergirl rio vidal,1,"for you, i would cross the line"
lovers to enemies,1,Rawr! Means I Love You in Dinosaur
lovers to exes to lovers,1,Time Warp
lowkey stalking,1,Is It Casual Now?
lowkey toxic ngl,1,illicit affairs
lowkey...,1,"creator, you destroy me"
lucid dreaming,1,Nightmare of a Dream Girl
lycan,1,When the Wolfbane Blooms
lycanthropy,1,When the Wolfbane Blooms
lying,1,"Turn Them In, Turn Them In Now! (You're A Traitor!)"
madam rio vidal,1,The Best Little Whorehouse in Westview
madam vice president agatha harkness,1,God Knows You Need It
magic and powers,1,Eight
magic cock,1,Leaning Out for Love
magic strap bc why tf not,1,Heavy is the Crown
magical connection,1,Vidal Books
magical lore,1,hopeless (breathless) burning slow
mail order brides,1,It's just wild enough to work
major character deaths,1,Symposium
major character injury,1,In The Shadows of the Pines
making out on community pool,1,start me up
making up,1,"so what if i call and you pick up the phone? (merry christmas, i miss you)"
malfunction,1,Leaning Out for Love
malicious compliance,1,Shatter Your Illusions
mama agatha,1,I Now Pronounce You....
mama rio,1,What to Do When You Are Dead
mami rio,1,I Now Pronounce You....
maneater lesbian agatha,1,your smile ignites (just like a candlelight)
manipulation,1,"Turn Them In, Turn Them In Now! (You're A Traitor!)"
maria menounos is important to the plot,1,you don't need a revelation (you'll be fine with being lost)
marijuana,1,i don’t care that you’re a stoner (fall right into me)
marisol vidal - freeform,1,Flowers in the Water
marriage therapist rio vidal,1,The Bad Thing
married agatha and rio,1,Death's Echo
married agatha harkness/ralph,1,Certified Pre-Owned
martial arts,1,Blossoms and Birds
masc agatha harkness,1,Instantaneously
masc leaning rio,1,Beauty and the Botanist
masochism,1,Blossoms and Birds
master's student rio vidal,1,Is It Casual Now?
matchmaker rio vidal,1,Red Thread of Fate
mating bond,1,I Sure Know Mating Calls
mating cycles/in heat,1,I'm Yours
mating rituals,1,"baby, what’s mine is now yours"
matriarchal pseudo-pagan fertility cults,1,and therefore is love said to be a child
matricide,1,Number 13
may i reiterate raccoon adoption again,1,Wanna Take a Chance?
maybe - freeform,1,Life after love (Can we find it again?)
maybe a little fluff,1,"sex, love, unholy truth"
maybe not safe or sane but definitely consensual,1,"baby, what’s mine is now yours"
maybe not that slow of a burn,1,"I see you, you're walking 'cross the campus"
mcu - freeform,1,Roommates of Destruction
me - i’ll cry,1,Rio Vidal Does Not Give a Damn
me says this is going to end happily,1,you’ll find me on my tallest tiptoes
mean agatha harkness,1,I'll Bring Out The Worst In You... Promise
mean bitch agatha,1,'Cause Nobody Knows You Better
meanwhile rio falls for her,1,a different way to be
meddling billy more like it,1,The Teacher Trap
meddling kids,1,The Teacher Trap
medfet,1,"where art thou, why not uponeth me?"
medical doctor rio vidal,1,Chances Taken
medical inaccuracies,1,"The gold and the rust, the color erupts"
medical procedures,1,"The gold and the rust, the color erupts"
medical rabbit issues,1,Scratch an itch
medusa retelling,1,Serpent's Stone
meet cute,1,Night Verses
meet-awkward,1,Catch Me When I Fall for You
meet-cute meet meet-chaotic,1,"want, take, have"
meet-cute? more like meet-awkward,1,feeling kind of freaky (maybe it's the moonlight)
meeting in person,1,Chances Taken
melancholy,1,"so what if i call and you pick up the phone? (merry christmas, i miss you)"
memory loss,1,"Tempus, Voluntas, Spatium"
men aren't required to make babies in this universe,1,I Still Shut My Eyes
menace agatha,1,start me up
menstruation,1,Catch Me When I Fall for You
mental breakdown,1,My Cries and Your Whispers
mental health,1,Growth &amp; Decay
mental institutions,1,Catch Me When I Fall for You
mention of child death,1,Rules of the Game
mention of psychosis,1,Chances Taken
mentioned evanora harkness,1,The World Reversed
mentions of abuse,1,the witchy CEO
mentions of agatha and wanda sex,1,FYC: What if?
mentions of character death,1,"creator, you destroy me"
mentions of childloss,1,I'm Yours
mentions of conversion therapy,1,God Knows You Need It
mentions of death,1,breathe into me and make me real
mentions of death and murder and suicide,1,My Cries and Your Whispers
mentions of death of a relative,1,walk-ins welcome
mentions of evanora,1,you don't need a revelation (you'll be fine with being lost)
mentions of miscarriage,1,Put It On The Line
mentions of pediatric cancer,1,love = poetry + biology
mentions of stalking,1,walk-ins welcome
mentions of stillbirth,1,I'm Yours
mentions of traumatic pasts,1,Between the Flames and Her Eyes
mentions of vomit,1,I Didn't Ask For This
mentions of watersports (but no actual watersports),1,my safeword is safeword
mermaid au,1,Flowers in the Water
mermaid!agatha,1,Flowers in the Water
mess,1,Grave Mistakes
messy divorce,1,I Don't Give a Damn (tomorrow I might)
midwife jennifer kale,1,Rules for Co-Parenting With Your Witch of an Ex
might add more characters we'll see,1,what if my heart belongs to you?
mild descriptions of knifeplay,1,"creator, you destroy me"
mild violence,1,"Tempus, Voluntas, Spatium"
milf agatha,1,Wouldn't You Love to Love Her
milf agatha harkness,1,"Hoops, I'm Falling for You"
millionaire rio,1,Wicked Game
mind you i said temporary,1,"No Dead Men, No Tales"
minimal violence,1,We Found Each Other in the Dark
minor character jen walter’s,1,Vidal Books
minor greta gill/carson shaw,1,Work and (Play Ball)
minor injuries,1,I swear I’d be in peace if it wasn’t for you
minor jen/alice,1,i wonder which cup you'll drink from (i hope it's mine)
minor jennifer kale/lilia calderu,1,Rules for Co-Parenting With Your Witch of an Ex
minor original character(s),1,Chance to Fix
minor wanda maximoff/natasha romanov,1,she looks like the real thing (she tastes like the real thing)
misandrist agatha harkness,1,Wrong Number
miscarriage,1,All the Things We Could Do
misgendering,1,Somebody to Hold
misogyny,1,Let Me Tell You What It Feels Like
mob boss agatha harkness,1,The Poison I'm Drawn to
model!agatha,1,Do I Cross Your Mind? ('Cause You've Always Been  On Mine)
modern day witches,1,it's just in my nature
mononucleosis,1,Somebody to Hold
monster sex,1,Rawr! Means I Love You in Dinosaur
monsterfucking,1,Serpent's Stone
more inspired by working in a restaurant,1,how many corners do i have to turn? (how many times do i have to learn?)
more tags to be added,1,The Strawberry Thief
morning after,1,Chances Taken
morning after pill,1,Somebody to Hold
mortician rio vidal,1,The World Reversed
mostly rio pov,1,The Poison I'm Drawn to
mother-daughter relationship,1,At the Still Point of the Turning World
mother-son relationship,1,At the Still Point of the Turning World
motherhood,1,A Tentative Ellipsis (the parting of your lips and the ache in your eyes)
mothers day shenanigans,1,She Depends on You
movie star agatha harkness,1,If This Was A Movie
moving,1,Somebody to Hold
moving in together,1,Catch Me When I Fall for You
ms rep,1,The Best Medicine
multi pov,1,I Still Shut My Eyes
multimedia,1,one way or another
multiple sclerosis,1,The Best Medicine
multiple sex positions,1,I Sure Know Mating Calls
murder (kinda?),1,Got Me On My Knees (Have You Any Mercy?)
murder addiction,1,Number 13
murder as foreplay...?,1,God Knows You Need It
murder but not real murder,1,"Turn Them In, Turn Them In Now! (You're A Traitor!)"
murder device fornication,1,I Tore You Apart In My Head
murder idiots,1,I Want You on Me With Both Your Hands
murder yay,1,"I Am No Mother, I Am No Bride"
murderer agatha kinda,1,You're My Burial Ground
muscular rio vidal,1,"Bound By Oath, Undone by You"
music,1,Purple and Green
music journalist rio vidal,1,one way or another
music producer rio vidal,1,alambre púa
music school,1,That Which is Not Common
musician rio vidal,1,"honey, you're familiar"
muteness,1,Blossoms and Birds
mwahahahaaha,1,she looks like the real thing (she tastes like the real thing)
my first fic yay,1,All Bases Loaded
my ocs are back,1,I Now Pronounce You....
my wiiiiife,1,Eight
nail biting,1,Bush League
nail salon,1,Beauty and the Botanist
nail tech!agatha,1,Beauty and the Botanist
naked swimming,1,"give me shelter, give me warmth"
napping,1,Somebody to Hold
natasha romanov is rio's cousin,1,Blossoms and Birds
natasha romanov needs a hug (marvel),1,If This Was A Movie
nature nerd rio,1,Knock Me Out (And Kiss it Better)
neck kissing,1,I Wanna Be Yours///You're All I Want
neighbors au kinda,1,Beauty and the Botanist
neither of them know how to be human so they're going to be not-human together,1,you don't need a revelation (you'll be fine with being lost)
neither of them really know wtf is going on,1,to be known well
nerd!rio,1,"I'll keep you safe, you have my word"
nerdy rio,1,Agatha's Body
nesting,1,I Want Your Desire
neurodivergent agathario,1,A Thing With Feathers
new borns,1,Somewhere Only We Know ~ A Professor AU
new year's kiss,1,Let Go
new york city,1,it's never quite as it seems (hi—you've got mail)
ngl idk what to tag this,1,We Go Again
nicholas has autism,1,the road not taken (among the wildflowers)
nicholas scratch dies (marvel),1,Beneath the scars
nicky basically trying to pull a parent trap,1,Beauty and the Botanist
nicky being adorable,1,Beauty and the Botanist
nicky died but he isn't dead,1,walk-ins welcome
nicky harkness-vidal,1,Growth &amp; Decay
nicky has an identity crisis,1,I Still Shut My Eyes
nicky is a girl,1,All the Wild Horses
nicky is a girl bc i don't want to write boys,1,11:11
nicky is agatha's brother,1,Mirrorball
nicky is alive,1,A Tentative Ellipsis (the parting of your lips and the ache in your eyes)
nicky is alive and not going anywhere,1,In The Shadows of the Pines
nicky is as much of a menace as his mom,1,find yourself in someone (you were there all along)
nicky is dead i'm sorry,1,astonishment and joy
nicky is having a good time,1,all roads lead to this
nicky lives!,1,A new fangled feeling
no beta 'cause we're not in the omegaverse and we die like our democracy,1,Scratch Paternity (Put A Baby In Me)
no beta no proofread we die like agatha's ego,1,how could i ever be so dumb to believe i'd be the one you would adore
no beta reader,1,Bush League
no beta we die like (redacted),1,illicit affairs
no beta we die like alice,1,summa cum laude
no beta we die like canon rio's dream of having a family with agatha,1,one way or another
no beta we die like jerry larry and terry,1,Life after love (Can we find it again?)
no beta we die like mrs. hart,1,Scherzo
no beta we die like my chances to go to heaven after posting this in the middle of easter,1,garden of eden
no beta yet sorry mrs heart,1,Thirst (Trap)
no betas we die like sharon,1,Rio Vidal Does Not Give a Damn
no bushes were harmed in the making of this fic,1,I follow your perfume
no fatal illnesses i swear,1,I Now Pronounce You....
no gender bending,1,"give me shelter, give me warmth"
no magic au,1,All the Wild Horses
no main characters die,1,Heavy is the Crown
no need to think about the ethics of it all - let's just enjoy the mess,1,Scratch Paternity (Put A Baby In Me)
no one asked for this,1,but i love you just the same
no one dies,1,You're awful. I love you!
no one is sane and it's ok,1,Don't be afraid of me (I'm what you need)
no one look at me,1,Blossoms and Birds
no powers au,1,All the Wild Horses
no promises tho lol,1,It'll All Work Out
no superpowers etc,1,i looked to the children (i drank from the fountains)
no transphobia tolerated in comments,1,Put It On The Line
no underage,1,Blossoms and Birds
no-ralph love,1,I follow your perfume
nobody come for me,1,We Found Each Other in the Dark
nobody has morals for the most part,1,You're My Burial Ground
nobody in this story is a good person,1,You're My Burial Ground
non-graphic violence in two scenes,1,The Best Little Whorehouse in Westview
nonspecific hereditary terminal illness mentioned (backstory),1,A Thing With Feathers
nose grinding,1,"Can't Be a Good Girl, Even If I Tried"
not all that dies stays dead,1,What to Do When You Are Dead
not beta read we die like mrs hart,1,Close to You
not beta read we read eachothers work,1,I Was Your Starry Eyed Lover and the One That You Saw
not canon compliant,1,Roommates of Destruction
not good people,1,You're awful. I love you!
not icon behaviour,1,You're awful. I love you!
not not omegaverse,1,Even anxious pups need the moon
not safe for work but they do bang while rio’s at work so there’s that,1,Certified Pre-Owned
not tony stark friendly,1,Farewell To The Fairground
nothing crazy though.,1,cake by the pound
nothing implied about that,1,I Don't Give a Damn (tomorrow I might)
nothing major,1,find yourself in someone (you were there all along)
now with some,1,i let my head spin (take all the weight off my shoulders)
nsfw,1,Certified Pre-Owned
oblivious agatha harkness,1,Feel it Burn//Watch it Glow
obsessive behavior,1,Obsessed
obviously,1,waste the night
oc,1,Vidal Books
oc: marisol vidal,1,Behind the Curtain
occ wanda maximoff,1,I Wanna Be Yours///You're All I Want
ocean sex,1,High Infidelity
of how many hahnetypes and plazatypes can fit in one story,1,What a Night
off screen masturbation,1,"I'll keep you safe, you have my word"
oh also drug use specifically coke,1,You're My Burial Ground
oh my god they were roommates,1,Knock Me Out (And Kiss it Better)
oh my god they were teammates,1,Five Seconds
oh people are gonna hunt me down for these crossovers aren't they,1,Leaning Out for Love
oh yes naughty pants make an appearance,1,velvet ring
ok new tags,1,velvet ring
okay there's a small amount of plot,1,The Dare
old friends,1,When Heartbreak Meets Jealousy
old magic,1,The Witch and The Wolf
older agatha,1,Put It On The Line
omega lilia calderu,1,I'll Bring Out The Worst In You... Promise
omega rio vidal,1,I'm Yours
omega!agatha,1,I follow your perfume
omegas purr in this,1,"where art thou, why not uponeth me?"
omegatha,1,"I see you, you're walking 'cross the campus"
omegaverse,1,I Want Your Desire
omegaverse alpha bitching | alpha turning into an omega,1,I Sure Know Mating Calls
omegaverse au,1,I'll Bring Out The Worst In You... Promise
omegaverse omega pregnancy,1,Ibiza
once the pain is over it's all good times baby,1,It'll All Work Out
one big happy family,1,Somewhere Only We Know ~ A Professor AU
one moment where a person is pushed to safeword,1,my safeword is safeword
one year later,1,Somebody to Hold
oneshot,1,Exceptions
oops,1,my boy builds coffins
oops who said that,1,'til storm breaks loose
ope they switch a lil,1,The Bad Thing
open communication turns rio on,1,"for you, i would cross the line"
opposites attract,1,Not My Type
or as slow as i know how to write one,1,it had to be you
or maybe not!,1,I Don't Give a Damn (tomorrow I might)
or to yours,1,illicit affairs
or was a twin,1,Blossoms and Birds
oral,1,"sex, love, unholy truth"
oral fixation with an object,1,I Didn't Ask For This
oral knotting,1,I Sure Know Mating Calls
orchestral conductor!agatha,1,That Which is Not Common
organized crime,1,You're My Burial Ground
orgasm denial (kinda),1,alambre púa
orgasms,1,Vidal Books
original character(s),1,your kiss got me hoping you'll save me right now
original magic system,1,War of Hearts
original vampire rio,1,you got me looking so crazy right now
other: see story notes,1,Rules for Co-Parenting With Your Witch of an Ex
outdoor sex,1,"baby, what’s mine is now yours"
pain,1,When Heartbreak Meets Jealousy
painter agatha harkness,1,My Cries and Your Whispers
paleontologist,1,Rawr! Means I Love You in Dinosaur
panties,1,Catch Me When I Fall for You
panty sniffer/licker rio vidal,1,I Wanna Be Yours///You're All I Want
panty theft,1,breathe into me and make me real
parent death,1,For Your Consideration
parent-child relationship,1,"Take Me, Baby, Or Leave Me"
parents agatha harkness and rio vidal,1,Beneath the scars
park ranger rio,1,In The Shadows of the Pines
parks and rec if you squint,1,I'll Be Your Garbage Man
party girl/drug addict rio,1,I Didn't Ask For This
partying,1,What a Night
past abortion,1,Somebody to Hold
past agatha harkness/rio vidal,1,Beneath the scars
past agatha/rio,1,Death's Echo
past child loss,1,hopeless (breathless) burning slow
past family loss,1,I Sure Know Mating Calls
past forced prostitution,1,you know i'll take my heart clean apart if it helps yours beat
past foster care,1,Chances Taken
past genital injury,1,Somebody to Hold
past lives,1,Chance to Fix
past medical malpractice,1,Somebody to Hold
past miscarriage,1,A Thing With Feathers
past relationship,1,Growth &amp; Decay
past relationship abuse,1,my safeword is safeword
past religious abuse/extremism,1,my safeword is safeword
past toxic relationship,1,"I'll keep you safe, you have my word"
pathetic alpha rio vidal,1,"where art thou, why not uponeth me?"
pathetic bottom rio vidal,1,breathe into me and make me real
pathetic butch rio vidal,1,cake by the pound
pathetic feral vampire lovergirl rio vidal,1,you don't need a revelation (you'll be fine with being lost)
pathetic feral vampire lovergirl virgin rio vidal,1,you don't need a revelation (you'll be fine with being lost)
pathetic rio,1,Too Sweet
pathetic top rio vidal,1,Wouldn't You Love to Love Her
pathological liar agatha harkness,1,breathe into me and make me real
pavlovian response,1,I Didn't Ask For This
peeing after sex,1,The Oxwood
peep the rating change and updated tags for chapter 2,1,"so what if i call and you pick up the phone? (merry christmas, i miss you)"
penetration,1,Strangers On A Train
penis in vagina sex,1,I Wanna Be Yours///You're All I Want
perfect way to end fluff week,1,That's Not My Name
period sex,1,I swear I’d be in peace if it wasn’t for you
period typical bigotry,1,The Bells
period-typical racism,1,The Bells
personal chef au,1,udon know how much I crave you
pet billy,1,Behind the Curtain
pet play,1,i let my head spin (take all the weight off my shoulders)
petty criminal agatha harkness,1,"everybody knows that i'm a good girl, officer"
phd student rio vidal,1,Questions
phd students,1,The Scientific Method of Falling Apart
phone sex hotline operator agatha,1,feeling kind of freaky (maybe it's the moonlight)
phone sex operator agatha,1,Loud and Clear
piano sex,1,Crescendo
pietro is dead here too,1,Rio Vidal Does Not Give a Damn
pile o bones,1,Pile o Bones
pillow talk,1,I Sure Know Mating Calls
pizza delivery,1,On Call
plant store owner rio,1,The Poison I'm Drawn to
platonic agathario,1,who's going to tell me no?
platonic relationships,1,"Take Me, Baby, Or Leave Me"
please be patient with them they both need a hug,1,the road not taken (among the wildflowers)
please let me know lol,1,Crescendo
plot gets a bit heavy,1,you’ll find me on my tallest tiptoes
plot heavy but caitvi are the plot,1,Heavy is the Crown
plotting,1,"Turn Them In, Turn Them In Now! (You're A Traitor!)"
pls check in on ur local avoidant lesbian and give them a forehead kiss,1,why don't you want me?
pls comment your thoughts i am simply a lowly gay author who need validation,1,Blossoms and Birds
plus one more,1,I Now Pronounce You....
podcaster!rio,1,Don't Handle Me with Care
poet agatha,1,Number 13
poetry,1,Unmoored by your Presence
police arrest,1,You're awful. I love you!
police force,1,You're awful. I love you!
political alliances,1,War of Hearts
political assassination (attempted lol),1,God Knows You Need It
political au,1,Inexplicable
political campaigns,1,God Knows You Need It
political corruption,1,Master of Restraint (with notable exceptions)
political intrigue,1,Even anxious pups need the moon
political marriages,1,War of Hearts
political/structural power imbalance,1,War of Hearts
politician agatha harkness,1,"unsatisfied, i skip my pride"
politics,1,Master of Restraint (with notable exceptions)
poltics au,1,Love &amp; Politics
pool girl rio,1,In The Deep End
pool maintenance rio vidal,1,start me up
poor agatha,1,Thirst (Trap)
possessive,1,The Forgeries of Fools
possessiveness,1,Tell Me All the Ways
possibly tipsy driving,1,Put It On The Line
post nut anxiety,1,you made me feel / shiny and new
post-break up,1,Broken Deal
post-canon,1,For the Love of Spring
post-canon fix-it,1,For the Love of Spring
post-episode: s01e08 follow me my friend/to glory at the end (agatha all along),1,For the Love of Spring
post-season/series finale,1,"so what if i call and you pick up the phone? (merry christmas, i miss you)"
post-thanos's snap (marvel),1,Love Persevering
postdoc(derogatory),1,summa cum laude
power imbalance,1,The Birthday Gift
pr stunt,1,Awards Season
pre-relationship,1,dea pascit corvos
predator/prey,1,I Want Your Desire
pregnant rio vidal,1,I'm Yours
premature ejaculation,1,I'll Be Your Garbage Man
premature orgasms,1,walk-ins welcome
presidential au,1,"Bound By Oath, Undone by You"
pretty boy rio,1,I Wanna Be Yours///You're All I Want
pretty boy rio vidal,1,it's just in my nature
prickly agatha harkness,1,"want, take, have"
princess agatha,1,War of Hearts
princess agatha and prince yelena,1,You're Welcome to Try (You Wouldn't Be the First One to Fail)
princess falls first,1,guilty as sin
princess!caitlyn,1,Heavy is the Crown
principal rio,1,Disdainfully hers
principle investigator agatha harkness,1,love = poetry + biology
principle investigator rio vidal,1,love = poetry + biology
private investigator agatha harkness,1,the case of the robbery gone wrong
professor calderu,1,That Which is Not Common
professor harkness,1,Is It Casual Now?
professor kale,1,That Which is Not Common
professor!agatha,1,Figured You Out
prohibition,1,Unlock Thy Hidden Gate
prom au,1,The Girl Next Door
pronoun exploration,1,find yourself in someone (you were there all along)
prophecy,1,"Tempus, Voluntas, Spatium"
prostate massage,1,I Sure Know Mating Calls
prostitution,1,I'm Yours
protective agatha,1,Now We Drop Our Composure
protective alice wu-gulliver,1,Chances Taken
protective lilia calderu,1,At the Still Point of the Turning World
protective wanda maximoff,1,Chances Taken
protectiveness,1,Restraint
psychiatrist harleen quinzel,1,Catch Me When I Fall for You
psychological horror,1,War of Hearts
psychology,1,Blossoms and Birds
pt!rio,1,Flowers in the Water
pta president agatha,1,Disdainfully hers
ptsd,1,"Can't Be a Good Girl, Even If I Tried"
public indecency,1,Put It On The Line
public indecency yay!,1,Feel it Burn//Watch it Glow
pun t-shirts,1,The bartender and the nerd.
punishment,1,my safeword is safeword
punk rock star agatha harkness,1,one way or another
puppy play,1,my safeword is safeword
puppy rescue,1,Rescued
pussy eating,1,I Want You on Me With Both Your Hands
pussy slapping,1,love = poetry + biology
queen consort agatha,1,War of Hearts
queen rio,1,War of Hearts
queen rio vidal,1,"through fortune and flame, we fall"
queer,1,The Best Medicine
quick ralph mention,1,Cool About it
raccoon domestication,1,She Depends on You
racism,1,Somebody to Hold
racist language,1,The Bells
racsism,1,The Promise of Always
ragebaiting,1,That's Not My Name
ragebaiting as foreplay,1,Wouldn't You Love to Love Her
ralph bohner is pos,1,"Looking So Far, Yet You Are So Close"
ralph is here too (i’m sorry),1,Love me tender
ralph is in this but i hate him so much,1,velvet ring
ralph's a dumbass,1,illicit affairs
ranch au,1,Close Your Eyes To See
ranch owner agatha harkness,1,All the Wild Horses
rare pairing,1,"There's No One Else Who Could, the Only One Is You"
rare pairings,1,"Not Over Dramatic, I Know What I Want."
rating may change,1,what if my heart belongs to you?
rating says explicit but it’s like 2 sentences,1,it's never quite as it seems (hi—you've got mail)
read trigger tags in chapter notes!!,1,A Tentative Ellipsis (the parting of your lips and the ache in your eyes)
real housewives au,1,don’t delete the kisses
reality check,1,All The Time In The World
really leaning into the creature x murderer aspect of their dynamic with this one,1,"It's bloody and raw, but I swear it is sweet"
reclusive vampire rio vidal,1,Let me wrap my teeth around the world
recovering addict rio vidal,1,"honey, you're familiar"
red string of fate,1,Red Thread of Fate
referenced past euthanasia,1,A Thing With Feathers
regret,1,Point Proven
rehab,1,I Didn't Ask For This
reincarnated lovers,1,Heavy is the Crown
relationship trauma,1,"I'll keep you safe, you have my word"
relationship(s),1,Roommates of Destruction
religion,1,Reaching Out For More
religious fanaticism,1,The Bells
religious guilt,1,The Bells
reluctant soulmates,1,Rawr! Means I Love You in Dinosaur
rented hearts,1,Rented Hearts (Keep Beating)
repressed sexuality (on agatha's part),1,"Just between us, did the love affair maim you too"
restrictive eating,1,War of Hearts
retired rocket scientist agatha harkness,1,It's Clichéd to be Cynical at Christmas
reunions,1,Life As We Know It
revenge,1,Beneath the scars
rich girl agatha,1,Amor Prohibido
rich girl rio,1,I Didn't Ask For This
rich rio,1,Thirst (Trap)
rich/poor,1,The Promise of Always
riley is here for it,1,bitches i don't trust them (but they give me what i want for the night)
rings stay on,1,But We Can't
rio adamantly refuses to use swearwords,1,"I'll keep you safe, you have my word"
rio and her breathing exercises,1,It'll All Work Out
rio and nicky love minecraft,1,It's strictly business
rio as the barista,1,That's Not My Name
rio as the president's daughter,1,Love &amp; Politics
rio being a troll,1,That's Not My Name
rio being called handsome bc she is,1,i wonder which cup you'll drink from (i hope it's mine)
rio being sweet and agatha being horny,1,udon know how much I crave you
rio believes she has a very specific allergy,1,The Teacher Trap
rio cries after sex because ofc she does,1,velvet ring
rio does as agatha tells her to,1,Point Proven
rio earns her stripes,1,You're Welcome to Try (You Wouldn't Be the First One to Fail)
rio experiencing the most insane lesbian crash out over agatha,1,velvet ring
rio falls in love so fast,1,velvet ring
rio fucked the iud out of place,1,I Wanna Be Yours///You're All I Want
rio has a dick,1,Mirrorball
rio has a special interest in sharks,1,Flowers in the Water
rio has a younger brother,1,the road not taken (among the wildflowers)
rio has an ed,1,Growth &amp; Decay
rio has never been kissed,1,"kiss my petals, weave me through a dream"
rio has siblings,1,The Girl Next Door
rio has tattoos,1,velvet ring
rio has the patience of a saint,1,Love is a Witch
rio has too many jobs,1,start me up
rio hides hers,1,"get you where you wanna go, if you know what i mean"
rio i-don’t-a-crush vidal,1,That Which is Not Common
rio in death form,1,Rawr! Means I Love You in Dinosaur
rio is 27,1,You're My Burial Ground
rio is 28,1,'til storm breaks loose
rio is 29,1,"where art thou, why not uponeth me?"
rio is 33,1,Reaching Out For More
rio is 33/40,1,find yourself in someone (you were there all along)
rio is 38,1,Number 13
rio is 42,1,Let Me Tell You What It Feels Like
rio is a biology teacher,1,The Teacher Trap
rio is a bit of a dandy,1,Secrets &amp; Suspenders
rio is a brat,1,you look so pretty when you're on your knees
rio is a capital 'e' eater front to back baby,1,11:11
rio is a comedian,1,The Best Medicine
rio is a director,1,Awards Season
rio is a doctor,1,The Oxwood
rio is a drummer,1,Purple and Green
rio is a farmer,1,the road not taken (among the wildflowers)
rio is a firefighter,1,Between the Flames and Her Eyes
rio is a gremlin,1,That's Not My Name
rio is a hiphop star,1,rumors fly
rio is a kindergarten teacher,1,Exceptions
rio is a landscaper,1,it's just in my nature
rio is a little older than agatha,1,The Strawberry Thief
rio is a princess,1,Mandevillas
rio is a twin,1,Blossoms and Birds
rio is a very reliable and very dramatic narrator,1,illicit affairs
rio is a virgin,1,Mirrorball
rio is agatha's gynecologist,1,"where art thou, why not uponeth me?"
rio is agatha's piano teacher,1,Crescendo
rio is agathasexual even as a stripper,1,"Glitter, Glue, and Signs of Life"
rio is also a contractor,1,start me up
rio is an android,1,Ri-0
rio is an angel of death,1,"It's bloody and raw, but I swear it is sweet"
rio is an awkward lil nerd,1,Just Like a Tattoo
rio is an heiress,1,All The Time In The World
rio is annoying,1,"If you’re not falling, you’re not trying"
rio is chaotic,1,Purple and Green
rio is death,1,Pile o Bones
rio is down bad anyway,1,"Tempus, Voluntas, Spatium"
rio is down baddddddd,1,illicit affairs
rio is down so bad,1,Unmoored by your Presence
rio is down so bad for agatha,1,"my love, mine, all mine"
rio is gay asf,1,the witchy CEO
rio is lonely,1,For Your Consideration
rio is married to hela for now,1,you aren’t mine for the taking
rio is mexican american on this,1,Dance Dance Riolution
rio is mostly very patient,1,You're Welcome to Try (You Wouldn't Be the First One to Fail)
rio is nicky's biological mom,1,"honey, you're familiar"
rio is not an asshole about it,1,Like a Queen in Days of Old
rio is on her late twenties,1,Dance Dance Riolution
rio is pathetic for agatha,1,Mirrorball
rio is pretending to be a boy,1,"give me shelter, give me warmth"
rio is sad,1,Blossoms and Birds
rio is screwed,1,Falling for the Enemy
rio is sort of a womanizer,1,when i kissed the teacher
rio is still pathetically down bad,1,in the event of an emergency
rio is such a bottom for agatha,1,"Just between us, did the love affair maim you too"
rio is the coat check girl,1,Meetcute
rio is the owner,1,a different way to be
rio is very satisfied,1,Pile o Bones
rio isn't a man don't be scared!,1,It's just wild enough to work
rio just wants to study plants man,1,"I Am No Mother, I Am No Bride"
rio lets agatha get away with a lot,1,Harkness Pathology
rio loves horses,1,the road not taken (among the wildflowers)
rio makes an excellent alarm clock idk what else to say,1,"want, take, have"
rio makes some... choices,1,The Thread Of Fate
rio needs a hug,1,Well I Wonder
rio needs to get married and have a child,1,Mandevillas
rio pines so hard,1,velvet ring
rio saves agatha's life,1,Between the Flames and Her Eyes
rio speaks spanish,1,the road not taken (among the wildflowers)
rio study at havard,1,The bartender and the nerd.
rio suffers more than jesus,1,illicit affairs
rio thinks agatha's cervix is sexy,1,"where art thou, why not uponeth me?"
rio turns 25,1,you’ll find me on my tallest tiptoes
rio uses actual therapy,1,Late Night with the Devil
rio uses they/them pronouns,1,the case of the robbery gone wrong
rio vidal as a famous drummer,1,Heart Beats Like a Drummer
rio vidal being oblivious,1,how could i ever be so dumb to believe i'd be the one you would adore
rio vidal can't orgasm,1,you aren’t mine for the taking
rio vidal fell first but agatha harkness fell harder,1,Feel it Burn//Watch it Glow
rio vidal has a penis temporarily,1,if we stay swimming here forever we will never be free
rio vidal has a t-dick,1,this time you won’t leave me sinking
rio vidal has a younger brother,1,summa cum laude
rio vidal is 27,1,you aren’t mine for the taking
rio vidal is a good girl,1,A Tentative Ellipsis (the parting of your lips and the ache in your eyes)
rio vidal is a little shit,1,one way or another
rio vidal is a nun,1,And We'll Be Together (Forever &amp; Ever More)
rio vidal is a phd student,1,At the Still Point of the Turning World
rio vidal is a rockstar,1,The Space Between Notes
rio vidal is a trans woman,1,Put It On The Line
rio vidal is a twin,1,Chances Taken
rio vidal is an idiot,1,green is the colour of her kind
rio vidal is bad at flirting,1,Wrong Number
"rio vidal is called ""good boy""",1,Got Me On My Knees (Have You Any Mercy?)
rio vidal is dealing with a lot,1,My Cries and Your Whispers
rio vidal is done with agatha's bs,1,one way or another
rio vidal is good at eating ass,1,you're gonna kill me if you kiss it like that
rio vidal is lowkey autistic,1,The Girl Next Door
rio vidal is nicholas scratch’s parent,1,I follow your perfume
rio vidal is not gods strongest soldier,1,The Witches Bodyguard
rio vidal is professional agatha tamer,1,one way or another
rio vidal is royalty,1,Primadonna
rio vidal is spider-man,1,feel the love of her caress (she will be your living end)
rio vidal just want to help,1,Lotus flower
rio vidal lesbian loser for the ages,1,"everybody knows that i'm a good girl, officer"
rio vidal needs therapy,1,Reaching Out For More
rio vidal on her knees for agatha harkness,1,A Tentative Ellipsis (the parting of your lips and the ache in your eyes)
rio vidal takes care of agatha harkness,1,udon know how much I crave you
rio vidal works in construction,1,you aren’t mine for the taking
rio vidal you are the father!,1,Scratch Paternity (Put A Baby In Me)
rio vidal's very malleable body,1,Strangers On A Train
rio vidal: certified gay mess,1,merry christmas (i think i'll miss this one this year)
rio wears his compass on his belt like a carabiner,1,Got Me On My Knees (Have You Any Mercy?)
rio writes poetry,1,Unmoored by your Presence
rio x jen to start,1,You're awful. I love you!
rio's 26,1,illicit affairs
rio's 39,1,how many corners do i have to turn? (how many times do i have to learn?)
rio's fighting for their life,1,Don't Handle Me with Care
rio's gay little tie,1,how many corners do i have to turn? (how many times do i have to learn?)
rio: ?? okay??,1,Blossoms and Birds
rio’s a sexy tattooed firefighter,1,When the Smoke Clears
rio’s a student,1,let loose your longing
rip queen,1,Close to You
rival sex,1,love = poetry + biology
rivals to lovers,1,We're Never Done
rivals with benefits,1,love = poetry + biology
rockstar agatha,1,Into the Mirror
rodeos,1,All the Wild Horses
roleplay,1,Ice Chips
rom com feels,1,"There's No One Else Who Could, the Only One Is You"
romantasy,1,Heavy is the Crown
romcom vibes i think,1,I Now Pronounce You....
rooftop gardening,1,Stay Small
roommates,1,you may not be mine (but i could be yours)
rough kissing,1,bitches i don't trust them (but they give me what i want for the night)
royal au,1,War of Hearts
rule follower rio,1,how many corners do i have to turn? (how many times do i have to learn?)
runaway william kaplan,1,Chances Taken
rut suppressants,1,I Sure Know Mating Calls
rutting,1,I Sure Know Mating Calls
s.h.i.e.l.d - freeform,1,The Witches Bodyguard
sad agatha harkness,1,Beneath the scars
sad rio vidal,1,Beneath the scars
sad things happen but it’s still a love story,1,guilty as sin
safe word,1,I Wanna Be Yours///You're All I Want
safeword misuse,1,my safeword is safeword
saloon owner lilia,1,The Best Little Whorehouse in Westview
santiago vidal mentions,1,Flowers in the Water
sapphic,1,Thirst (Trap)
sapphics,1,"There's No One Else Who Could, the Only One Is You"
satanism,1,Agatha's Body
sauna sex,1,One Happy Camper
save a horse ride a cowgirl,1,the road not taken (among the wildflowers)
sawry,1,Wouldn't You Love to Love Her
scent marking,1,I Sure Know Mating Calls
scenting,1,Reaching Out For More
schemer nicky,1,Beauty and the Botanist
schemes,1,The Forgeries of Fools
scheming,1,"Turn Them In, Turn Them In Now! (You're A Traitor!)"
scholarship kid rio,1,Amor Prohibido
scientist agatha,1,The Scientific Method of Falling Apart
scorned rio,1,Into the Mirror
scott pilgrim references,1,I'll Be Your Garbage Man
second chance,1,Growth &amp; Decay
secret identity,1,Wrong Number
secret kid fic,1,All the Wild Horses
secret marriage,1,Somewhere Only We Know ~ A Professor AU
secret omega!agatha harkness,1,I follow your perfume
secret service rio vidal,1,Master of Restraint (with notable exceptions)
secretly dating,1,Thirst (Trap)
secrets,1,War of Hearts
secrets secrets are no fun,1,That Which is Not Common
seedy hotel,1,The Dare
seizures,1,hopeless (breathless) burning slow
self-worth issues,1,My Cries and Your Whispers
semi-public teasing,1,FYC: What if?
send help (2026) au,1,Help I’m Alive
senor scratchy is agatha's familiar,1,Somewhere Only We Know ~ A Professor AU
senor scratchy just chillin,1,Just Like a Tattoo
serendipitous love,1,Stuck In Orbit
serial killer rio vidal,1,Number 13
serial killers,1,I'll follow you down til' the sound of my voice will haunt you
seriously this woman would rock as a politician,1,"unsatisfied, i skip my pride"
sesbian lex,1,Somewhere Only We Know ~ A Professor AU
set in 19th century rural america,1,The Strawberry Thief
set in london,1,"I'll keep you safe, you have my word"
set in post-revolutionary war america,1,"give me shelter, give me warmth"
set in the 90s,1,start me up
set in the gorgeous new england fall,1,"Just between us, did the love affair maim you too"
sex club,1,I Don't Give a Damn (tomorrow I might)
sex in a church,1,Talk Me Through It
sex instead of talking,1,A Tentative Ellipsis (the parting of your lips and the ache in your eyes)
sex swing,1,Take it from the top (you are a bottom)
sex tapes,1,11:11
sex therapy,1,you aren’t mine for the taking
sexual fast burn,1,Crescendo
sexual free use,1,I Sure Know Mating Calls
sexually frustrated rio vidal,1,"Can't Be a Good Girl, Even If I Tried"
sexy boxer! rio,1,Knock Me Out (And Kiss it Better)
sexy doorwoman,1,"Looking So Far, Yet You Are So Close"
sexy pump it up,1,Dance Dance Riolution
sexy times,1,"Glitter, Glue, and Signs of Life"
sexy!,1,velvet ring
shakespearean levels of gender confusion and hidden identity,1,The Forgeries of Fools
shameless fluff,1,Here With You Now
sharing a bed,1,your smile ignites (just like a candlelight)
shark!scratchy,1,Flowers in the Water
she is not my type (she is absolutely her type),1,you’ll find me on my tallest tiptoes
she would like to point out she is a very young aunt,1,What a Night
she's a trash man folks,1,I'll Be Your Garbage Man
she's deep in denial and she's looking good doing it,1,care of
she's just silly and trying to deny that she's head over heels for rio,1,what if my heart belongs to you?
she/her and they/them pronouns for rio vidal,1,The Oxwood
she/they pronouns for agatha harkness,1,A Thing With Feathers
she/they pronouns for rio vidal,1,What a Night
sheriff agatha harkness - freeform,1,The Best Little Whorehouse in Westview
she’s oblivious to how hot she is,1,When the Smoke Clears
shocking (or is it),1,what if my heart belongs to you?
"shut up??!""?""?&gt;£&gt;!",1,you'll just have to taste me (when she's kissin' you)
shy rio vidal,1,I'll Bring Out The Worst In You... Promise
sick agatha harkness,1,hopeless (breathless) burning slow
similarly feral runaway agatha harkness,1,you don't need a revelation (you'll be fine with being lost)
simp4simp,1,But We Can't
simultaneous orgasm,1,If This Was A Movie
single mom agatha,1,Beauty and the Botanist
single parent,1,What to Do When You Are Dead
siren!lilia,1,Flowers in the Water
skater rio vidal,1,start me up
skiing,1,"If you’re not falling, you’re not trying"
slapping,1,You're awful. I love you!
slaps fic 'you can fit so much gender in this bad boy',1,i let my head spin (take all the weight off my shoulders)
slay,1,it's never quite as it seems (hi—you've got mail)
slight exhibitionism,1,Late Night with the Devil
slight mentions of drug use,1,Late Night with the Devil
slight voyeurism,1,Late Night with the Devil
slightly mean agatha,1,Beauty and the Botanist
slow romance,1,she looks like the real thing (she tastes like the real thing)
slow to update,1,My Cries and Your Whispers
slow updates sorry,1,Wrong Number
slow(ish) burn,1,into my arms
slutting it up in their workplace shame on them,1,how many corners do i have to turn? (how many times do i have to learn?)
small comfort,1,What to Do When You Are Dead
small mentions of blood,1,You're awful. I love you!
small towns,1,All the Wild Horses
snoopy belt buckle mention,1,i don’t care that you’re a stoner (fall right into me)
snowboarding,1,"If you’re not falling, you’re not trying"
so agatha is pregnant for like half of this,1,find yourself in someone (you were there all along)
so does agatha!! much to rio's delight,1,velvet ring
so her parents set her up on a date sorta,1,Mandevillas
so is agatha,1,Pile o Bones
so is rio,1,Knock Me Out (And Kiss it Better)
so lap it up kids,1,What a Night
so much fluff you guys im sorry (not sorry at all),1,"Glitter, Glue, and Signs of Life"
so much sapphic longing,1,astonishment and joy
"so rio said ""bet""",1,Point Proven
sobriety,1,A Tentative Ellipsis (the parting of your lips and the ache in your eyes)
soft,1,Chances Taken
soft but not fluffy,1,The Strawberry Thief
soft butch agatha,1,The Best Little Whorehouse in Westview
soft family dinners,1,Blossoms and Birds
soft idiots falling in love,1,Figured You Out
soft lesbians,1,Going Viral
soft masc rio,1,Mirrorball
softdomme!rio,1,Blossoms and Birds
softie agatha harkness,1,"get you where you wanna go, if you know what i mean"
some autistic rio vidal as a treat,1,"everybody knows that i'm a good girl, officer"
some commentary on the shitty healthcare system,1,I'm Yours
some fluff,1,I Still Shut My Eyes
some gender fuckery for rio,1,garden of eden
some genderbending,1,Scratch an itch
some good boy rio as a treat,1,how many corners do i have to turn? (how many times do i have to learn?)
some high level idiocy here,1,how could i ever be so dumb to believe i'd be the one you would adore
some scenes brought to you by my teenage bookshelf and 20th century fox,1,you’ll find me on my tallest tiptoes
some unprofessional behavior if you can believe it or not from these freaks,1,someday we will all be lying on our backs (free at last from income tax)
some vague,1,i let my head spin (take all the weight off my shoulders)
somebody give me a job that will pay the bills and allow me to still write,1,Exceptions
somehow this has become a christmas fic.,1,velvet ring
somehow. idek,1,what a terrifying work of art
someone get these two horny losers out of the cop car now,1,"everybody knows that i'm a good girl, officer"
someone help agatha the closet is glass,1,Well I Wonder
someone revoke rio's license,1,The Bad Thing
sometimes in proximity to sex,1,you made me feel / shiny and new
sometimes trauma makes you deeply unpleasant to be around!,1,you made me feel / shiny and new
song lyrics,1,Purple and Green
sorry for the unexpected slowburn,1,you’ll find me on my tallest tiptoes
sorry wanda,1,the winner takes it all
sort of,1,It's just wild enough to work
sort of???,1,i wonder which cup you'll drink from (i hope it's mine)
sort-of an amnesia fic too lmao,1,An Unexpected Visitor
soul bond,1,Leaning Out for Love
soul magic,1,Leaning Out for Love
soulmate au,1,a kiss with a fist is better than none
soulmates but make it lexus-style so it's prison soulmates,1,Tell Me All the Ways
spain vs england,1,We're Never Done
spanish dirty talk,1,you aren’t mine for the taking
spanish princess rio vidal,1,But We Can't
spanish teacher rio,1,Don't be afraid of me (I'm what you need)
spanish/latina rio vidal,1,Instantaneously
spanking with a hairbrush,1,I Didn't Ask For This
speakeasies,1,Unlock Thy Hidden Gate
speedrunning dislike to lovers by way of one of them getting divorced,1,i wonder which cup you'll drink from (i hope it's mine)
spicy bits all over,1,"Just between us, did the love affair maim you too"
spider metaphor,1,Shatter Your Illusions
spies & secret agents,1,Mrs &amp; Mrs Harkness-Vidal
spiked hot chocolate and dry humping what more could anyone want,1,velvet ring
spit as lube,1,Somewhere Only We Know ~ A Professor AU
spitting in mouth,1,Take it from the top (you are a bottom)
spoiler alert: they hug,1,lost for words
spousal loss,1,What to Do When You Are Dead
squirting in a skirt,1,I Wanna Be Yours///You're All I Want
stalker,1,The Witches Bodyguard
stan lee cameo,1,Love &amp; Politics
starts after the finale,1,there is no death for witches (only transformation)
starts with wandavision then merges into agatha all along,1,An Unexpected Visitor
state softball league,1,All Bases Loaded
stevie nicks inspired agathario fic,1,Shatter Your Illusions
stick with me,1,I'll Be Your Garbage Man
stoner agathario,1,who's going to tell me no?
straight out of a lifetime movie,1,Underneath the Tree
strap,1,velvet ring
strap being called dick,1,garden of eden
strap blowjob,1,breathe into me and make me real
strap packing,1,you got me looking so crazy right now
strap warming,1,You're Welcome to Try (You Wouldn't Be the First One to Fail)
strapsucking,1,Put It On The Line
strapwarming,1,my safeword is safeword
stripper breaks the rules and goes against someone's consent,1,I Wanna Be Yours///You're All I Want
stripper! agatha,1,you got me looking so crazy right now
struggling college student rio vidal,1,Nothing Shameful
struggling to coexist in body and headspace simultaneously in a way that impacts the narration style,1,Shatter Your Illusions
stubborn agatha harkness,1,The Easiest Part Has Always Been You
stubborn idiots,1,Couples Retreat
student rio vidal,1,At the Still Point of the Turning World
stupid stupid flirting,1,waste the night
stylist!rio vidal,1,illicit affairs
sub top rio vidal,1,The Oxwood
subdrop,1,my safeword is safeword
succubus!agatha,1,Agatha's Body
succubus-style murder,1,if we stay swimming here forever we will never be free
sue me!,1,she looks like the real thing (she tastes like the real thing)
sugar baby agatha harkness,1,Thirst (Trap)
sugar cane farm,1,I'll Be Your Reason
sugar daddy! rio,1,Scherzo
sugar mommy agatha harkness if you squint,1,illicit affairs
suicidal thoughts,1,High Infidelity
suicide,1,Symposium
sulking,1,Point Proven
summer,1,Catch Me When I Fall for You
summer love,1,Grave Mistakes
supernatural elements,1,Agatha's Body
supernatural world,1,you got me looking so crazy right now
surprise they're all high school teachers,1,visions of a life
suspected unrequited love is not in fact as unrequited as they thought,1,I Sure Know Mating Calls
suspicious godmother lilia calderu,1,breathe into me and make me real
swearing,1,into my arms
sweet nicky,1,Stay Small
sweet/hot,1,The Heat Is On
sweetie pie rio vidal,1,a kiss with a fist is better than none
swingers,1,Rules of the Game
swingset,1,The Girl Next Door
switch agatha,1,That Which is Not Common
switch agatha harkness/rio vidal,1,"my love, mine, all mine"
switch rio,1,That Which is Not Common
switch/vers,1,The Forgeries of Fools
switch4switch,1,Let Me Tell You What It Feels Like
swords and magic,1,"No Dead Men, No Tales"
t4t agatha/rio,1,cake by the pound
t4t lesbian sex,1,cake by the pound
tags may change,1,"Take Me, Baby, Or Leave Me"
tags will be added,1,Vidal Books
tags will be updated as story progresses,1,Close Your Eyes To See
tags will be updated as the story is,1,Nothing Shameful
takes place in dreams if that wasn't clear,1,to be known well
taking care of each other in any way possible,1,udon know how much I crave you
talking about abortion,1,I Wanna Be Yours///You're All I Want
tattoo artist agatha,1,walk-ins welcome
tattoo au,1,Just Like a Tattoo
tattooed rio,1,Stay Small
tattoos,1,The bartender and the nerd.
tax evader agatha harkness,1,someday we will all be lying on our backs (free at last from income tax)
taxi driver rio vidal,1,Don't be afraid of me (I'm what you need)
teacher agatha harkness,1,Wrong Number
teacher!rio,1,"I'm Sorry, I Love You"
technical kidnapping,1,hopeless (breathless) burning slow
technically agnes o'connor/rio vidal,1,the case of the robbery gone wrong
technically it's jens and alices first date and agatha doesn't even want to be there,1,what if my heart belongs to you?
teen (agatha all along) is nicholas scratch (marvel),1,Love Persevering
teenage drama,1,It'll All Work Out
teenage nicky,1,Orbiter
telling people - sort of,1,"There's No One Else Who Could, the Only One Is You"
temporary amnesia,1,Emergency Contact
temporary character death,1,A Tentative Ellipsis (the parting of your lips and the ache in your eyes)
tennis player rio vidal,1,the winner takes it all
tension,1,We Go Again
texting,1,Wrong Number
tfw you accidentally mate a hot alpha and you decide to actually date her,1,you're gonna kill me if you kiss it like that
thank you twitter oomf for this brilliant idea,1,bitches i don't trust them (but they give me what i want for the night)
thanksgiving dinner,1,Somebody to Hold
thanos is mentioned just a little bit for plot,1,The Heart of Death
that match their soulmates,1,Mandevillas
that one's pretty explicit actually,1,I Don't Give a Damn (tomorrow I might)
that show up in adolescence,1,Mandevillas
that tag is for you clock,1,Rio Vidal Does Not Give a Damn
that's my favorite tag can you tell,1,a different way to be
thats like the only tw ig,1,when we kiss (i have anger issues)
the author doesn't know either,1,merry christmas (i think i'll miss this one this year)
the author includes several really bad puns,1,you made me feel / shiny and new
the author regrets nothing,1,let loose your longing
the author's barely disguised distaste for the works of silver ravenwolf,1,Leaning Out for Love
the boss is hot and that's a problem,1,you’ll find me on my tallest tiptoes
the closest thing to a romcom i will ever write,1,how could i ever be so dumb to believe i'd be the one you would adore
the closet is glass,1,Let Go
the closet is made of glass though,1,Love me tender
the freaks get freaky,1,Strangers On A Train
the heels stay on,1,into my arms
the inherent gender fuckery of being a cosmic entity and also a lesbian and also a cryptid,1,circling around the same star
the morning show au,1,Farewell To The Fairground
the obligatory 'teen is raised by a pack of lesbians au',1,"Take Me, Baby, Or Leave Me"
the only way it seems agatha can do that is by well...,1,Love &amp; Politics
the pearl necklace stays on,1,"Not Over Dramatic, I Know What I Want."
the same way wounds hurt the most when you make them,1,there is no death for witches (only transformation)
the seductive art of darts,1,Questions
the softest rio,1,Adagietto
the stupidest witch you know has death incarnate wrapped around her blackened little finger,1,The Neutral Ground
the tag will be added,1,All Bases Loaded
the taking of rio vidal's vampire virginity,1,you don't need a revelation (you'll be fine with being lost)
the whole coven works together,1,walk-ins welcome
thematically relevant double penetration,1,i let my head spin (take all the weight off my shoulders)
themes of religious trauma,1,Wicked Witchcraft
then agatha spirals because her wife is ignoring her,1,Point Proven
then canon divergent,1,like a hurricane
then major fluff and cuteness i promise,1,Just Like a Tattoo
there are avengers tower fics everywhere for those with eyes to see,1,walk-ins welcome
there are horses,1,Close Your Eyes To See
there are two jens in this story,1,What a Night
there is for some reason extensive lore for this 5k fluff fic,1,a kiss with a fist is better than none
there is no plot,1,"blood in the water, everyone wants her"
there was only one horse,1,Heavy is the Crown
there will be a happy ending gang,1,An Unexpected Visitor
there will be no sequel maybe,1,Heart Beats Like a Drummer
there will be sex outside the main pairing,1,I Don't Give a Damn (tomorrow I might)
there's a little trauma,1,Flowers in the Water
there's some karaoke involved,1,Meetcute
there’s lesbian sex,1,you’ll find me on my tallest tiptoes
these two are freaks who are obsessed with each other,1,The Heart of Death
these witches are switches,1,"Can't Be a Good Girl, Even If I Tried"
these witches switch (for real),1,alambre púa
they are both obsessed with each other,1,Don't be afraid of me (I'm what you need)
they are both so soft i love them so much,1,"give me shelter, give me warmth"
they are in lesbians,1,The Heart of Death
they are just soft and in love,1,"love, offline"
they are losers and i love them for that,1,one way or another
they are really horny for each other,1,alambre púa
they are still witches,1,Vidal Books
they are switches your honor,1,"Bound By Oath, Undone by You"
they are switches your honour,1,you got me looking so crazy right now
they are the definition of top on top violence,1,The Neutral Ground
they aren’t that toxic,1,Rio’S Toxic Embrace
they both need so much therapy,1,why don't you want me?
they both vers,1,Wicked Witchcraft
they do it in a lab sort of,1,when i kissed the teacher
they fuck a lot jesus christ,1,illicit affairs
they get a baby!,1,I'll Be Your Reason
they get trapped together during a snowstorm because of course,1,astonishment and joy
they got their happy ending,1,Well I Wonder
they grew up in a farm,1,the road not taken (among the wildflowers)
they have soulmate marks,1,Mandevillas
they just fucking love each other okay,1,"If I Can’t Reach You, Let My Song Teach You"
they just need to communicate their feelings,1,Do I Cross Your Mind? ('Cause You've Always Been  On Mine)
they match each others freak,1,Questions
they meet up at a bar,1,Exceptions
they need to communicate,1,Mirrorball
they never stopped loving each other,1,A Tentative Ellipsis (the parting of your lips and the ache in your eyes)
they really both just wanna fuck,1,Vidal Books
they take edibles,1,Cool About it
they will never not be switches in my work so if that's something you can't handle pls don't let the door hit you on your way out,1,Heavy is the Crown
they will switch eventually,1,"The gold and the rust, the color erupts"
they yearn,1,find yourself in someone (you were there all along)
they're actresses,1,beneath the stars
they're adorable,1,Between the Flames and Her Eyes
they're all liars,1,The Forgeries of Fools
they're around college aged,1,i don’t care that you’re a stoner (fall right into me)
they're both a little stupid in this one,1,feel the love of her caress (she will be your living end)
they're both in their early 20s,1,One Happy Camper
they're both proud and in love with each other,1,the road not taken (among the wildflowers)
they're freaks in this,1,Agatha's Body
they're giving evelyncelia,1,beneath the stars
they're going to be stupid,1,Into the Mirror
they're horny your honor,1,illicit affairs
they're idiots your honour,1,Knock Me Out (And Kiss it Better)
they're in love,1,"There's No One Else Who Could, the Only One Is You"
they're middle aged,1,Nothing Shameful
they're super cute anyway,1,That's Not My Name
they're very toxic nooooow,1,Wouldn't You Love to Love Her
they/them agatha harkness,1,love = poetry + biology
they/them pronouns for rio,1,a kiss with a fist is better than none
they/them rio,1,start me up
they/them rio bc i said so,1,i let my head spin (take all the weight off my shoulders)
theyre both idiots (canonical),1,Feel it Burn//Watch it Glow
theyre idiots,1,Falling for the Enemy
they’re switches bc i said so,1,Heavy is the Crown
thigh fucking,1,"baby, it's fate, not luck"
thigh job,1,I Wanna Be Yours///You're All I Want
thigh strapon,1,Somewhere Only We Know ~ A Professor AU
this could be canon compliant if i didn’t insist on using the coven instead of making ocs,1,circling around the same star
this could very well be the first three scenes of a hallmark movie,1,merry christmas (i think i'll miss this one this year)
this country is a dumpster fire tbh,1,I Now Pronounce You....
this got out of hand real quick,1,I'm Yours
this has not been spell checked or beta read,1,Blossoms and Birds
this is a delicious mess,1,The Forgeries of Fools
this is a doctorate programme,1,Blossoms and Birds
this is a romcom,1,"Hoops, I'm Falling for You"
this is for anyone who needs a rescue from time to time,1,you don't need a revelation (you'll be fine with being lost)
this is for the girls and the lesbians only,1,what if it's not meant for me?
this is gay af if you couldn't tell,1,The Best Medicine
this is going to be messy,1,The Thread Of Fate
this is going to mess with some fandoms,1,What a Night
this is how i'm using my bachelor's degree in creative writing,1,Exceptions
this is just filth,1,Certified Pre-Owned
this is just sin,1,Blossoms and Birds
this is not a horse girl au - there is just a horse girl chapter,1,"Just between us, did the love affair maim you too"
this is really just the coven of chaos if i believed any of them were actually literate,1,what if it's not meant for me?
this is staring to hurt more the further i go sorry,1,Fold Your Wings
this is very rom com vibes in terms of cheese,1,i don’t care that you’re a stoner (fall right into me)
this one might only be for me,1,all half things
this one will probably hurt,1,Fold Your Wings
this sound way nasty than it is (sorry),1,start me up
this started as just fun,1,What a Night
this was proofread but also it wasn't proofread deal with it,1,illicit affairs
this was supposed to be a slowburn but is more of a mediumburn,1,Figured You Out
this whole fic is them falling asleep and waking up,1,It'll All Work Out
this will hurt a little bit at the start,1,there is no death for witches (only transformation)
threats of violence (but sexy),1,"my love, mine, all mine"
threats of violence as foreplay,1,You're My Burial Ground
three fates - freeform,1,By Blood and Bloom
throat training,1,You're Welcome to Try (You Wouldn't Be the First One to Fail)
time jumps,1,Symposium
tiny bit of degradation,1,the winner takes it all
tiny blood mention,1,Ban All The Music
tiny slowburn???,1,Falling for the Enemy
title from a sappho (fl. 600 bce) poem,1,let loose your longing
today author is offering,1,and therefore is love said to be a child
tommy billy and yelena are 8,1,Blossoms and Birds
tommy: you're my aunt now,1,Blossoms and Birds
tomorrow...who knows,1,and therefore is love said to be a child
top agatha supremacy,1,The Bad Thing
top rio,1,The Oxwood
top rio but like it's not agressive,1,Scherzo
topping,1,Rio’S Toxic Embrace
topping from the bottom,1,Take it from the top (you are a bottom)
torture device fornication,1,I Tore You Apart In My Head
tortured agatha,1,Into the Mirror
touch-starved,1,Not My Type
tough bitch agatha,1,All The Time In The World
town of westview new jersey (marvel),1,"Roses are red, orchids are...purple?"
toxic agatha harkness,1,"Can't Be a Good Girl, Even If I Tried"
toxic embrace,1,Rio’S Toxic Embrace
toxic relationship,1,How It Started
toxic workplace,1,A Tentative Ellipsis (the parting of your lips and the ache in your eyes)
toxic yuri,1,Wouldn't You Love to Love Her
toy play,1,All The Time In The World
training,1,I Didn't Ask For This
trains,1,Strangers On A Train
trans male character,1,"through fortune and flame, we fall"
trans woman agatha harkness,1,cake by the pound
transfem agatha,1,Too Sweet
transfem agatha harkness,1,cake by the pound
transphobic evanora harkness,1,Somebody to Hold
trashman rio,1,I'll Be Your Garbage Man
tribbing,1,Talk Some Sense to Me
trigger warning for bullying,1,"I'll keep you safe, you have my word"
tropes,1,Sugar and Honey
true mates,1,"baby, it's fate, not luck"
truly so much fluff... book that dentist appointment,1,you may not be mine (but i could be yours)
trust,1,there is no death for witches (only transformation)
trust issues,1,My Cries and Your Whispers
trust it will come in good time,1,"where art thou, why not uponeth me?"
trust me - freeform,1,all roads lead to this
try to resist but it's futile,1,Exceptions
trying to keep rio in line,1,Love &amp; Politics
tw agatha is babygirl but don't worry she's still a cunt,1,visions of a life
tw: domestic violence,1,How It Started
tw: emotional abuse,1,you don't need a revelation (you'll be fine with being lost)
two broke idiots versus the world,1,put your fangs in me
two moms,1,Death's Echo
two timelines,1,Time Warp
undead rio vidal,1,a kiss with a fist is better than none
undefined to lovers?,1,"I'll keep you safe, you have my word"
undercover au,1,Rules of the Game
undercover hunter agatha,1,you got me looking so crazy right now
unforced proximity,1,why don't you want me?
unhealthy methods of trying to get your wife's attention,1,Point Proven
unhealthy relationships,1,"oh, but she burns"
university,1,Catch Me When I Fall for You
unnecessarily researched details,1,walk-ins welcome
unprotected sex,1,when i kissed the teacher
unrealistic expectations about academia,1,summa cum laude
unrealistic portrait of journalism (just like 00s romcom movies),1,one way or another
unrealistic use of twitter headlines lmao,1,you'll just have to taste me (when she's kissin' you)
unreliable narrator agatha harkness,1,Feel it Burn//Watch it Glow
unresearched music industry references,1,"If I Can’t Reach You, Let My Song Teach You"
unresolved romantic tension,1,An Unexpected Visitor
unsolved murders,1,"Take Me, Baby, Or Leave Me"
until she isnt,1,Heavy is the Crown
until then,1,"The gold and the rust, the color erupts"
use of safe word,1,I Wanna Be Yours///You're All I Want
usual pawnee madness,1,"There's No One Else Who Could, the Only One Is You"
uuuurgh i should have published this anonymously again,1,One Happy Camper
vacation,1,All the Things We Could Do
vaginismus,1,you made me feel / shiny and new
vague mentions of past child abuse,1,The Forgeries of Fools
vague reference to past domestic abuse,1,The Best Little Whorehouse in Westview
vampire au,1,The Birthday Gift
vampire hunter agatha harkness,1,There's Something Just a Little More Than Ecstasy
vampire hunter!rio,1,the devil you know
vampire hunter/vampire relationship,1,There's Something Just a Little More Than Ecstasy
vaquero rio vidal,1,"my love, mine, all mine"
various marvel characters mentioned,1,All the Wild Horses
verbal shutdown,1,Shatter Your Illusions
vers agatha harkness/rio vidal,1,love = poetry + biology
very messy,1,The Thread Of Fate
very reluctantly but you can't fight biology,1,"for you, i would cross the line"
very short fic,1,Pile o Bones
very stupid,1,Into the Mirror
veterinarian rio vidal,1,All the Wild Horses
veterinarian!rio vidal,1,Scratch an itch
veterinary clinic,1,Scratch an itch
vi is her sworn protector,1,Heavy is the Crown
vibrators (sort of),1,Let me wrap my teeth around the world
vicious rio vidal,1,Close Your Eyes To See
vidal family - freeform,1,The Girl Next Door
violence (yes-graphic & yes between main characters),1,"No Dead Men, No Tales"
violent choking to not so violent choking,1,You're awful. I love you!
virgin rio vidal,1,you made me feel / shiny and new
viva las vegas dykes cmon lets go,1,You're My Burial Ground
volunteer,1,Growth &amp; Decay
vomiting,1,Catch Me When I Fall for You
vomitting in ch5,1,Number 13
walk with me,1,Two Left Feet
wall to wall ill advised lesbian sex,1,the way i feel about you baby can’t explain it
wall-e au,1,Ri-0
wanda is 33,1,The Bad Thing
wanda is a stripper,1,I Wanna Be Yours///You're All I Want
wanda is the principal,1,"Glitter, Glue, and Signs of Life"
wanda maximoff friendly,1,High Infidelity
wanda maximoff friendly!,1,"through fortune and flame, we fall"
wanda maximoff gives no shits,1,I Still Shut My Eyes
wanda maximoff is a mob boss,1,Unlock Thy Hidden Gate
wanda maximoff is agatha’s bestfriend,1,Vidal Books
wanda steals a baby,1,I Still Shut My Eyes
wanda wants everyone and gets no one but her toaster husband,1,Rules of the Game
warrior rio,1,War of Hearts
watersports,1,Put It On The Line
watersports (under a cut tag),1,You're Welcome to Try (You Wouldn't Be the First One to Fail)
we all die like lilia,1,Somewhere Only We Know ~ A Professor AU
we didn't get a happy ending for them in canon but at least we got fanfiction,1,what if my heart belongs to you?
we die like billy should have,1,"If I Can’t Reach You, Let My Song Teach You"
we die like my self control,1,We Found Each Other in the Dark
we get rly horny and a little sad bc we're multifaceted,1,how many corners do i have to turn? (how many times do i have to learn?)
we now have:,1,udon know how much I crave you
we ride at dawn for the enchanted strap,1,into my arms
we suffer,1,"The gold and the rust, the color erupts"
we will not be repeating the travesty that was the killing eve ending,1,"oh, but she burns"
we're on this road together,1,there is no death for witches (only transformation)
weapons handling,1,How It Started
webcam/video chat sex,1,If This Was A Movie
wee bit of childhood trauma,1,Two Left Feet
werewolf hunter agatha harkness,1,When the Wolfbane Blooms
werewolf wanda maximoff,1,When the Wolfbane Blooms
westview is in montana,1,All the Wild Horses
weuros,1,We're Never Done
we’re raw-dogging this,1,Rio’S Toxic Embrace
what actually happened,1,Rio’S Toxic Embrace
what do you want me to say,1,let loose your longing
what if agatha and rio were besties for 600 years,1,put your fangs in me
what if rio kept tabs on her wife and child in the 6 years she let nicky live,1,The Time It Takes To Let Go
what if there really was an fbi agent in your phone,1,"everybody knows that i'm a good girl, officer"
what matters most if you choose to read is this,1,there is no death for witches (only transformation)
whatever calling death 'good girl' is called,1,"so what if i call and you pick up the phone? (merry christmas, i miss you)"
when your coven uses you to bargain with death,1,A Kingdom by the Night
when your wife is a virgin but still tops you,1,"I Am No Mother, I Am No Bride"
which brings me to my next point!,1,You're My Burial Ground
which brings me to my other point!,1,You're My Burial Ground
which is either a promise or a threat,1,all half things
which is what this is,1,The Oxwood
whipping,1,my safeword is safeword
white house meets buckingham,1,guilty as sin
white knuckled commitment to the bit,1,and therefore is love said to be a child
white lotus au,1,High Infidelity
who said that,1,"Bound By Oath, Undone by You"
whom i happen to love and want to include,1,"everybody knows that i'm a good girl, officer"
why am i always writing them fucking in a bathroom?,1,cake by the pound
will add more as i go,1,Agatha All Along Week 2025
will add more perverted tags as we go,1,Put It On The Line
will add tags as chapters are added,1,"where art thou, why not uponeth me?"
will add tags as i go,1,How It Started
will elaborate specifically/ reiterate warnings in the notes of relevant chapters,1,A Thing With Feathers
windchime murderer,1,Rescued
wing grooming,1,dea pascit corvos
winged agatha harkness,1,dea pascit corvos
winged rio vidal,1,dea pascit corvos
wingfic,1,dea pascit corvos
wings,1,"It's bloody and raw, but I swear it is sweet"
wink wink,1,"kiss my petals, weave me through a dream"
winona ryder i’m sorry i had to drag you into this,1,all half things
witches have wings,1,dea pascit corvos
withholding intimacy,1,Shatter Your Illusions
witness protection,1,We Found Each Other in the Dark
wives,1,Rented Hearts (Keep Beating)
wolf girl rio vidal,1,The Witch and The Wolf
women can get other women pregnant,1,All the Wild Horses
women in love,1,Thirst (Trap)
words of affirmation,1,who's going to tell me no?
work,1,Chances Taken
wow ok this is on the nose,1,velvet ring
writer agatha harkness,1,Women Like You / Women Like Me
writing this felt like a fever dream,1,i looked to the children (i drank from the fountains)
written and rewritten and agonized over,1,The Neutral Ground
wrong number,1,Wrong Number
wrong number au,1,feeling kind of freaky (maybe it's the moonlight)
ye olden agathario,1,The Time It Takes To Let Go
yeah thats right this is about taxes and there’s gay sex in it,1,someday we will all be lying on our backs (free at last from income tax)
yeah...... wandanat,1,she looks like the real thing (she tastes like the real thing)
yellowjackets references everywhere for all those with eyes to see,1,illicit affairs
yellowstone au,1,Close Your Eyes To See
yes andy is around and april is married to him... to start with,1,like a hurricane
yes i know i did that one last time but i cant help myself,1,Bush League
yes there is ralph sex in here,1,How It Started
yes they die but hold on because thats the whole point of this,1,it made me think of you
yes they do have sex,1,"Glitter, Glue, and Signs of Life"
yes they had strap it was probably leather with bees wax,1,The Forgeries of Fools
yes they're two women and yes one can knock up the other,1,you'll just have to taste me (when she's kissin' you)
yes; again,1,"I'll keep you safe, you have my word"
yet another take from me on agathario in another life,1,"want, take, have"
yoga instructor! agatha,1,Knock Me Out (And Kiss it Better)
you know how in most fanfics the couple have an argument and it's sad?,1,Blossoms and Birds
you know the drill,1,Late Night with the Devil
you read that tag right yeah baby,1,she looks like the real thing (she tastes like the real thing)
you wanted pizza but you got agatha harkness instead,1,feeling kind of freaky (maybe it's the moonlight)
you'll figure it out - freeform,1,What a Night
youll have to pry the metaphors from my cold dead hands,1,"Glitter, Glue, and Signs of Life"
young agathario,1,Growth &amp; Decay
younger agatha,1,the case of the robbery gone wrong
younger agatha harkness/older rio vidal,1,"for you, i would cross the line"
younger rio,1,Put It On The Line
your heart is safe in my hands,1,there is no death for witches (only transformation)
your honor they are clowns,1,Into the Mirror
you’ve heard of ‘my gf is a sexy vampire’ au now get ready for ‘my ex wife is bigfoot’,1,circling around the same star
zap the raccoon - freeform,1,All In Paradise
